no_cargo,CATEGORIA
,NAO INFORMADO
1 SARGENTO DA RESERVA,MILITAR
1 VIOLINISTA SUBSTITUTO,MUSICO
1. SARGENTO,MILITAR
1. TENENTE,MILITAR
2 SARGENTO DA RESERVA,MILITAR
2 TENENTE DA RESERVA,MILITAR
2. SARGENTO,MILITAR
2. TENENTE,MILITAR
3 SARGENTO DA RESERVA,MILITAR
3. SARGENTO,MILITAR
A DISPOSICAO,DISPOSICAO
A DISPOSICAO - NIVEL MEDIO,DISPOSICAO
A DISPOSICAO - SUPERIOR,DISPOSICAO
À Disposição,DISPOSICAO
À DISPOSIÇÃO,DISPOSICAO
ADJ.ADMINISTRATIVO,ADMINISTRATIVO
ADMINIST JUDICIARIO AUXILIA,ADMINISTRATIVO
ADMINISTRADOR,ADMINISTRATIVO
ADMINISTRADOR  A1,ADMINISTRATIVO
ADMINISTRADOR  C7,ADMINISTRATIVO
ADMINISTRADOR  I1,ADMINISTRATIVO
ADMINISTRADOR  I7,ADMINISTRATIVO
ADMINISTRADOR  III1,ADMINISTRATIVO
ADMINISTRADOR  III5,ADMINISTRATIVO
ADMINISTRADOR  III6,ADMINISTRATIVO
ADMINISTRADOR  IV1,ADMINISTRATIVO
ADMINISTRADOR (ESTATUTARIO),ADMINISTRATIVO
ADMINISTRADOR C4,ADMINISTRATIVO
ADMINISTRADOR C5,ADMINISTRATIVO
ADMINISTRADOR C6,ADMINISTRATIVO
ADMINISTRADOR C7,ADMINISTRATIVO
ADMINISTRADOR D7,ADMINISTRATIVO
ADMINISTRADOR I-I,ADMINISTRATIVO
ADMINISTRADOR III,ADMINISTRATIVO
ADMINISTRADOR III5,ADMINISTRATIVO
ADMINISTRADOR IV 3,ADMINISTRATIVO
ADMINISTRADOR IV1,ADMINISTRATIVO
ADMINISTRADOR IV2,ADMINISTRATIVO
ADMINISTRADOR IV5,ADMINISTRATIVO
ADMINISTRADOR JUDICIARIO,ADMINISTRATIVO
ADVOGADO,ADVOGADO
ADVOGADO  I1,ADVOGADO
ADVOGADO  III6,ADVOGADO
ADVOGADO  IV1,ADVOGADO
ADVOGADO (ESTATUTARIO),ADVOGADO
ADVOGADO A1,ADVOGADO
ADVOGADO A4,ADVOGADO
ADVOGADO C5,ADVOGADO
ADVOGADO C6,ADVOGADO
ADVOGADO C7,ADVOGADO
ADVOGADO C7-DJ-200960008927-0,ADVOGADO
ADVOGADO D6,ADVOGADO
ADVOGADO D7,ADVOGADO
ADVOGADO DE OFICIO,ADVOGADO
ADVOGADO IV5,ADVOGADO
ADVOGADO OFICIO 1 ENTRANCIA,ADVOGADO
AFERIDOR DE HIDROMETRO,TECNICO
AG ADM AUXILIAR,ADMINISTRATIVO
AG ADMINISTRATIVO,ADMINISTRATIVO
AG CONDUT VEICULO REPRESENT,MOTORISTA
AG CONDUTOR DE VEICULO DA PRES,MOTORISTA
AG PREV AUXILIAR,AGENTE
AG PREVIDENCIA,AGENTE
AG. ADM. GNA 4-13,ADMINISTRATIVO
AG.DE PORTARIA,AGENTE
AGENCIADOR DE PROPAGANDA,AGENTE
AGENTE ADM,AGENTE
AGENTE ADM AUXILIAR,AGENTE
AGENTE ADM. AUXILIAR,AGENTE
AGENTE ADM. AUXILIAR ( ESTATUT,AGENTE
AGENTE ADMINISTRATIVO,AGENTE
AGENTE ADMINISTRATIVO (ESTATUT,AGENTE
AGENTE ADMINISTRATIVO NEFETIV,AGENTE
AGENTE APOIO ADMINISTRATIVO,AGENTE
AGENTE ATIV OPERACIONAL (ESTAT,AGENTE
AGENTE ATIVIDADE OPERACIONAL,AGENTE
AGENTE AUX ATVI ADMINISTRAT,AGENTE
AGENTE AUX ATVI OPERACIONAL,AGENTE
AGENTE COND DE VEICULOS,AGENTE
AGENTE COND. DE VEICULOS,AGENTE
AGENTE CONDUTOR DE VEÍCULO,AGENTE
AGENTE DATILOGRAFICO,AGENTE
AGENTE DE APOIO ADMINISTRATIV,AGENTE
AGENTE DE APOIO ADMINISTRATIVO,AGENTE
AGENTE DE ATIV ADMINISTRAT,AGENTE
AGENTE DE ATIV. ADMINISTRAT,AGENTE
AGENTE DE ATIV. ADMINISTRATIVA,AGENTE
AGENTE DE ATV OPERACIONAIS,AGENTE
AGENTE DE ATV. OPERACIONAIS,AGENTE
AGENTE DE DOCUMENTACAO,AGENTE
AGENTE DE INVESTIGACAO,AGENTE
AGENTE DE MANUTENCAO,AGENTE
AGENTE DE PAGAMENTO,AGENTE
AGENTE DE PORTARIA,AGENTE
AGENTE DE PROG GOVERNAMENTAIS,AGENTE
AGENTE DE PROG. GOVERNAMENTAIS,AGENTE
AGENTE DE PROMOTORIA,AGENTE
AGENTE DE SAUDE,AGENTE
AGENTE DE SEGURANCA,AGENTE
AGENTE DE SEGURANCA  II6,AGENTE
AGENTE DE SEGURANCA  II7,AGENTE
AGENTE DE SERV AUXILIARES,AGENTE
AGENTE DE SERVICOS GERAIS,AGENTE
AGENTE DE TRANSITO,AGENTE
AGENTE DE TRANSITO A1,AGENTE
AGENTE DE VENDAS,AGENTE
AGENTE DE VENDAS III3,AGENTE
AGENTE DE VENDAS III5,AGENTE
AGENTE DE VENDAS III6,AGENTE
AGENTE DE VENDAS III7,AGENTE
AGENTE DE VISTORIA,AGENTE
AGENTE DE VISTORIA A1,AGENTE
AGENTE DENGUE/TEMP,AGENTE
AGENTE DESENV COMUNITARIO,AGENTE
AGENTE DOCUMENTARISTA,AGENTE
AGENTE FISCAL MERCAD. TRANSITO,AGENTE
AGENTE OPERACIONAL,AGENTE
AGENTE PORTARIA GNA 1,AGENTE
AGENTE PROG.GOVERNAMENTAIS,AGENTE
AGENTE PROTETIVO,AGENTE
AGENTE PROTOCOLO E TRAMITAC,AGENTE
AGENTE REG MERCANTIL,AGENTE
AGENTE REG MERCANTIL C4,AGENTE
AGENTE REG MERCANTIL C6,AGENTE
AGENTE REGIONAL,AGENTE
AGENTE REGISTRO DO COMERCIO,AGENTE
AGENTE REPRODUCAO E DOCUMEN,AGENTE
AGENTE SEGUR PENITENCIARIO,AGENTE
AGENTE SEGUR. PENITENCIARIO,AGENTE
AGENTE SERV AUXILIARES,AGENTE
AGENTE TEC DOCUMENTARISTA,AGENTE
AGENTE TEC OPERADOR DE SOM,AGENTE
AGENTE TECN METROLOGICO,AGENTE
AGENTE TECNICO DE PAGAMENTO,AGENTE
AGENTE TECNICO METROLOGICO,AGENTE
AGENTE TECNICO SEGURANCA I,AGENTE
AGENTE TELECOMUNIC POLICIAL,AGENTE
AGRIMENSOR,TECNICO
ALMOXARIFE,TECNICO
ALMOXARIFE III6,TECNICO
ALUNO DO 1. E 2. ANO,ALUNO
ALUNO DO 3. E 4. ANO,ALUNO
ALUNO DO PRIM E SEG ANO,ALUNO
ALUNO DO TERC E QUART ANO,ALUNO
ANALISTA COMERCIAL,ANALISTA
ANALISTA DE   O  E  M,ANALISTA
ANALISTA DE ATIV DE DEFESA CO,ANALISTA
ANALISTA DE GESTAO ORGANIZAC.,ANALISTA
ANALISTA DE O E M,ANALISTA
ANALISTA DE PLAN E DES RURAL,ANALISTA
ANALISTA DE PRODUCAO,ANALISTA
ANALISTA DE SISTEMA,ANALISTA
ANALISTA DE SISTEMAS,ANALISTA
ANALISTA DE SISTEMAS  IV1,ANALISTA
ANALISTA DE SISTEMAS A1,ANALISTA
ANALISTA DE SISTEMAS NEFETIVO,ANALISTA
ANALISTA DE TRANSITO,ANALISTA
ANALISTA DE TRANSITO C6,ANALISTA
ANALISTA DE TRANSITO C7,ANALISTA
ANALISTA DE TRANSITO D1,ANALISTA
ANALISTA DE TRANSITO D6,ANALISTA
ANALISTA DE TRANSITO D7,ANALISTA
ANALISTA GESTAO ORGANIZACIONA,ANALISTA
ANALISTA GESTAO ORGANIZACIONAL,ANALISTA
ANALISTA INFO. CONSULTOR,ANALISTA
ANALISTA INFO. CONSULTOR1,ANALISTA
ANALISTA INFO. CONSULTOR2,ANALISTA
ANALISTA INFO. CONSULTOR3,ANALISTA
ANALISTA INFO. CONSULTOR4,ANALISTA
ANALISTA INFO. CONSULTOR5,ANALISTA
ANALISTA INFO. CONSULTOR6,ANALISTA
ANALISTA INFO. CONSULTOR7,ANALISTA
ANALISTA INFO. JUNIOR,ANALISTA
ANALISTA INFO. JUNIOR2,ANALISTA
ANALISTA INFO. JUNIOR3,ANALISTA
ANALISTA INFO. JUNIOR4,ANALISTA
ANALISTA INFO. JUNIOR5,ANALISTA
ANALISTA INFO. JUNIOR6,ANALISTA
ANALISTA INFO. JUNIOR7,ANALISTA
ANALISTA INFO. PLENO,ANALISTA
ANALISTA INFO. PLENO1,ANALISTA
ANALISTA INFO. PLENO2,ANALISTA
ANALISTA INFO. PLENO3,ANALISTA
ANALISTA INFO. PLENO4,ANALISTA
ANALISTA INFO. PLENO5,ANALISTA
ANALISTA INFO. PLENO6,ANALISTA
ANALISTA INFO. PLENO7,ANALISTA
ANALISTA INFO. SENIOR,ANALISTA
ANALISTA INFO. SENIOR1,ANALISTA
ANALISTA INFO. SENIOR2,ANALISTA
ANALISTA INFO. SENIOR3,ANALISTA
ANALISTA INFO. SENIOR4,ANALISTA
ANALISTA INFO. SENIOR5,ANALISTA
ANALISTA INFO. SENIOR6,ANALISTA
ANALISTA INFO. SENIOR7,ANALISTA
ANALISTA JUDICIARIO,ANALISTA
ANALISTA JUDICIARIO 2,ANALISTA
ANALISTA LEGISLATIVO,ANALISTA
ANALISTA MINISTERIAL,ANALISTA
ANALISTA PROGRAMADOR,ANALISTA
ANALISTA SUPORTE TECNICO,ANALISTA
ANALISTA SUPORTE TECNICO JR 1,ANALISTA
APOIO NIV FUNDAMENT TEMPORARIO,ADMINISTRATIVO
APOIO NIV.FUNDAMENT.TEMPORARIO,ADMINISTRATIVO
APOIO NIVEL MEDIO - TEMPORARIO,ADMINISTRATIVO
APOIO NIVEL MEDIO TEMPORARIO,ADMINISTRATIVO
APOSENTADO,APOSENTADO
APOSENTADO  P A I,APOSENTADO
APROPRIADOR DE CUSTOS,TECNICO
APURADOR DE DADOS,TECNICO
ARQUITETO,TECNICO
ARQUITETO  I1,TECNICO
ARQUITETO  I7,TECNICO
ARQUITETO  IV1,TECNICO
ARQUITETO (ESTATUTARIO),TECNICO
ARQUITETO D7,TECNICO
ARQUITETO(A),TECNICO
ARQUIVISTA,TECNICO
ARQUIVISTA  PESQUISADOR,TECNICO
ARQUIVISTA MUSICO,TECNICO
ARQUIVISTA PESQUISADOR,TECNICO
ARRUMADEIRA,TECNICO
ART SOLDADOR,TECNICO
ART. SOLDADOR,TECNICO
ARTICULADOR,TECNICO
ARTIFICE,TECNICO
ARTIFICE - B7,TECNICO
ARTIFICE - C7,TECNICO
ARTIFICE - D7,TECNICO
ARTIFICE  II7,TECNICO
ARTIFICE (ESTATUTARIO),TECNICO
ASCENSORISTA,TECNICO
ASPIRANTE A OFICIAL,MILITAR
ASS BOMBEIRO MILITAR AL-AS-003,ASSESSOR
ASS DE PSICOLOGIA AL-AG-003,ASSESSOR
ASS ESPECIAL I AL-AS-003,ASSESSOR
ASS ESPECIAL I AL AS 003,ASSESSOR
ASS ESPECIAL II AL-AS-004,ASSESSOR
ASS GAB JUIZO 1 GRAU,ASSESSOR
ASS GERENCIAL I AL-AG-002,ASSESSOR
ASS GERENCIAL II AL-AG-003,ASSESSOR
ASS JURIDICO II AL-AS-004,ASSESSOR
ASS JURIDICO OUVIDORIA AL-OG-0,ASSESSOR
ASS MILITAR ADJUNTO AL-AS-004,ASSESSOR
ASS MILITAR ADJUNTO AL AS 004,ASSESSOR
ASS MILITAR LEGISLAT AL-AS-003,ASSESSOR
ASS MILITAR LEGISLAT AL AS 003,ASSESSOR
ASS MILITAR LEGISLATIVO AL-AS-,ASSESSOR
ASS POPULAR AL-OG-004,ASSESSOR
ASS TEC REG MERCANTIL  C7,ASSESSOR
ASS TECNICO AL-AS-004,ASSESSOR
ASS TECNICO GNM 3-01,ASSESSOR
ASS TECNICO GNM 3-21,ASSESSOR
ASS. ADMINISTRATIVO,ASSESSOR
ASS. ASSUNTO ADMINISTRATIVO,ASSESSOR
ASS. CONTABILIDADE,ASSESSOR
ASS. DO SETOR DE COMPRAS,ASSESSOR
ASS. DO SUPERINTENDENTE,ASSESSOR
ASS. ESP/ASS/CULT.,ASSESSOR
ASS. IMP.REL PUBLICAS,ASSESSOR
ASS. PLANEJAMENTO,ASSESSOR
ASS. TEC REG MERCANTIL,ASSESSOR
ASS. TECNICO GNM,ASSESSOR
ASS.CONTABILIDADE,ASSESSOR
ASS.P/ASS.ADM.GERAL,ASSESSOR
ASS/ASS/ADM/GERAL,ASSESSOR
ASS/ESP/ASS/CULT.,ASSESSOR
ASS/NIVEL SUP.,ASSESSOR
ASSESS GERENCIAMEN COSTEIRO,ASSESSOR
ASSESS P ASS AGRIC ABASTEC,ASSESSOR
ASSESS P ASS EDUCACIONAIS,ASSESSOR
ASSESS P ASS PENITENCIARIO,ASSESSOR
ASSESS P/ ASS AGRIC ABASTEC,ASSESSOR
ASSESS P/ ASS EDUCACIONAIS,ASSESSOR
ASSESS P/ ASS PENITENCIARIO,ASSESSOR
ASSESS TEC P ASS TRABALHIST,ASSESSOR
Assessor,ASSESSOR
ASSESSOR,ASSESSOR
ASSESSOR  JURIDICO,ASSESSOR
ASSESSOR (A) TÉCNICA,ASSESSOR
ASSESSOR (A) TECNICA,ASSESSOR
ASSESSOR ADMIN JR,ASSESSOR
ASSESSOR ADMIN MEDIO JR,ASSESSOR
ASSESSOR ADMIN MEDIO SR,ASSESSOR
ASSESSOR ADMINISTRATIVO,ASSESSOR
ASSESSOR ADMINISTRATIVO I NEF,ASSESSOR
ASSESSOR ADMINISTRATIVO II NE,ASSESSOR
ASSESSOR ADMINISTRATIVO III N,ASSESSOR
ASSESSOR ADMINISTRATIVO IV NE,ASSESSOR
ASSESSOR ADMINISTRATIVO V NEF,ASSESSOR
ASSESSOR ASSUNTOS ESPECIA,ASSESSOR
ASSESSOR AUXILIAR,ASSESSOR
ASSESSOR AUXILIAR (ESTATUTARIO,ASSESSOR
ASSESSOR CERIMONIAL,ASSESSOR
ASSESSOR CONTABIL,ASSESSOR
ASSESSOR DA PRESIDENCIA,ASSESSOR
ASSESSOR DA REITORIA NEFETIVO,ASSESSOR
ASSESSOR DA SUC. DE GUARABIRA,ASSESSOR
ASSESSOR DE ADMINISTRADOR,ASSESSOR
ASSESSOR DE COMUNICACAO,ASSESSOR
ASSESSOR DE COMUNICACAO NEFET,ASSESSOR
ASSESSOR DE DIRETORIA,ASSESSOR
ASSESSOR DE GABINETE,ASSESSOR
ASSESSOR DE GABINETE NEFETIVO,ASSESSOR
ASSESSOR DE IMPRENSA,ASSESSOR
ASSESSOR DE PLANEJAMENTO,ASSESSOR
ASSESSOR DE PRESIDENCIA,ASSESSOR
ASSESSOR DE PRO-REITORIA NEFE,ASSESSOR
ASSESSOR DE SEGURANCA,ASSESSOR
ASSESSOR DEFESA DEFICIENTES,ASSESSOR
ASSESSOR DO SUPERINTENDENTE,ASSESSOR
ASSESSOR ESPECIAL,ASSESSOR
ASSESSOR ESPECIAL COMISSOES,ASSESSOR
ASSESSOR ESPECIAL DO SUPERINT,ASSESSOR
ASSESSOR ESPECIAL GABINETE,ASSESSOR
ASSESSOR FINANCEIRO,ASSESSOR
ASSESSOR GERENCIAL,ASSESSOR
ASSESSOR II,ASSESSOR
ASSESSOR III,ASSESSOR
ASSESSOR IV,ASSESSOR
ASSESSOR JUDICIARIO ADJUNTO,ASSESSOR
ASSESSOR JUR. DA ASSESSORIA JU,ASSESSOR
ASSESSOR JURIDICO,ASSESSOR
ASSESSOR JURIDICO DA .ASS. JUR,ASSESSOR
ASSESSOR JURIDICO NEFETIVO,ASSESSOR
ASSESSOR MILITAR,ASSESSOR
ASSESSOR MILITAR ADJUNTO,ASSESSOR
ASSESSOR MILITAR LEGISLATIVO,ASSESSOR
ASSESSOR MKT E RELACIONAMEN,ASSESSOR
ASSESSOR MKT INST E RELAC,ASSESSOR
ASSESSOR P ASS ADM GERAL,ASSESSOR
ASSESSOR P ASS ADMINISTRAT,ASSESSOR
ASSESSOR P ASS COMUNITARIOS,ASSESSOR
ASSESSOR P/ ASS ADM GERAL,ASSESSOR
ASSESSOR P/ ASS ADM GERAL (EST,ASSESSOR
ASSESSOR P/ ASS ADMINISTRAT.,ASSESSOR
ASSESSOR P/ ASS MUNICIPAIS,ASSESSOR
ASSESSOR PLANEJ E ORCAMENTO,ASSESSOR
ASSESSOR POPULAR,ASSESSOR
ASSESSOR RELACOES PUBLICAS,ASSESSOR
ASSESSOR TÉC NIVEL SUPERIOR I,ASSESSOR
ASSESSOR TÉCNICO,ASSESSOR
ASSESSOR TÉCNICO AREA FINA,ASSESSOR
ASSESSOR TÉCNICO ESP DIROP,ASSESSOR
ASSESSOR TÉCNICO ESPECIAL,ASSESSOR
ASSESSOR TÉCNICO INFORMACAO,ASSESSOR
ASSESSOR TÉCNICO JR,ASSESSOR
ASSESSOR TÉCNICO MEDIO PL,ASSESSOR
ASSESSOR TÉCNICO MEDIO SR,ASSESSOR
ASSESSOR TÉCNICO OUVIDORIA,ASSESSOR
ASSESSOR TÉCNICO PRESIDENCIA,ASSESSOR
ASSESSOR TÉCNICO SR,ASSESSOR
ASSESSOR TEC DA PRESIDENCIA,ASSESSOR
ASSESSOR TEC ESP DIROP,ASSESSOR
ASSESSOR TEC INFORMACAO,ASSESSOR
ASSESSOR TEC NIVEL SUPERIOR I,ASSESSOR
ASSESSOR TEC P ASS COMUNIT,ASSESSOR
ASSESSOR TEC P/ ASS COMUNIT,ASSESSOR
ASSESSOR TECNICO,ASSESSOR
ASSESSOR TECNICO DA  AREA FINA,ASSESSOR
ASSESSOR TECNICO DA ASSESSORIA,ASSESSOR
ASSESSOR TECNICO DE SAUDE,ASSESSOR
ASSESSOR TECNICO DE SUB GER R,ASSESSOR
ASSESSOR TECNICO DO NUC REGIO,ASSESSOR
ASSESSOR TECNICO ESPECIAL,ASSESSOR
ASSESSOR TECNICO INFORMATIC,ASSESSOR
ASSESSOR TECNICO JR,ASSESSOR
ASSESSOR TECNICO LEGISLATIVO,ASSESSOR
ASSESSOR V,ASSESSOR
ASSESSOR VI AUXILIAR MILITAR,ASSESSOR
ASSESSOR VI MILITAR,ASSESSOR
ASSESSORA TECNICA DIROP,ASSESSOR
ASSESSORIA DE PLANEJAMENTO,ASSESSOR
ASSESSORIA ESPECIAL-ASSISTEN,ASSESSOR
ASSESSORIA ESPECIAL-SETOR FI,ASSESSOR
ASSESSORIA ESPECIAL-SETOR JU,ASSESSOR
ASSESSORIA ESPECIAL - ASSISTEN,ASSESSOR
ASSESSORIA ESPECIAL - FATURAME,ASSESSOR
ASSESSORIA ESPECIAL - MEIO AMB,ASSESSOR
ASSESSORIA ESPECIAL - RECURSOS,ASSESSOR
ASSESSORIA ESPECIAL - SETOR FI,ASSESSOR
ASSESSORIA ESPECIAL - SETOR JU,ASSESSOR
ASSESSORIA ESPECIAL - SUPERVIS,ASSESSOR
ASSESSORIA II,ASSESSOR
ASSESSORIA JURIDICA,ASSESSOR
ASSESSORIA TECNICA DIDEC,ASSESSOR
ASSESSORIA TECNICA DIRAF,ASSESSOR
ASSIST ADM/FINANCAS  A2,ASSISTENTE
ASSIST ADM/FINANCAS  A3,ASSISTENTE
ASSIST ADM/FINANCAS  C4,ASSISTENTE
ASSIST ADM/FINANCAS  C5,ASSISTENTE
ASSIST DE ESTATISTICA,ASSISTENTE
ASSIST ESPECIAL PRESIDENCIA,ASSISTENTE
ASSIST OPERACIONA II AL-SP-002,ASSISTENTE
ASSIST OPERACIONAL I AL-SP-001,ASSISTENTE
ASSIST OPERACIONAL II AL-SP-00,ASSISTENTE
ASSIST OPERACIONAL III AL-SP-0,ASSISTENTE
ASSIST PROCESSAMENTO DADOS,ASSISTENTE
ASSIST SOCIAL,ASSISTENTE
ASSIST TECNICO I   AL-AS-004,ASSISTENTE
ASSIST TECNICO II AL-AS-005,ASSISTENTE
ASSIST. ADM/FINANCAS,ASSISTENTE
ASSIST. ADMINIST. III  VIII1,ASSISTENTE
ASSIST. ADMINIST. III  VIII2,ASSISTENTE
ASSIST. ADMINIST. III  VIII3,ASSISTENTE
ASSIST. ADMINIST. III  VIII4,ASSISTENTE
ASSIST. ADMINIST. III  VIII5,ASSISTENTE
ASSIST. ADMINIST. III  VIII6,ASSISTENTE
ASSIST. ADMINIST. III  VIII7,ASSISTENTE
ASSIST. ADMINIST. IV  IX6,ASSISTENTE
ASSIST. ADMINIST. IV  IX7,ASSISTENTE
ASSIST. ADMINISTRACAO A7,ASSISTENTE
ASSIST. ADMINISTRACAO C4,ASSISTENTE
ASSIST. ADMINISTRACAO C6,ASSISTENTE
ASSIST. ADMINISTRACAO C7,ASSISTENTE
ASSIST. ADMINISTRATIVO,ASSISTENTE
ASSIST. ADMINISTRATIVO B4,ASSISTENTE
ASSIST. ADMINISTRATIVO C4,ASSISTENTE
ASSIST. ADMINISTRATIVO C5,ASSISTENTE
ASSIST. ADMINISTRATIVO C6,ASSISTENTE
ASSIST. ADMINISTRATIVO C7,ASSISTENTE
ASSIST. ADMINISTRATIVO D5,ASSISTENTE
ASSIST. ADMINISTRATIVO D6,ASSISTENTE
ASSIST. ADMINISTRATIVO D7,ASSISTENTE
ASSIST. ADMINISTRATIVO I,ASSISTENTE
ASSIST. ADMINISTRATIVO I  IV1,ASSISTENTE
ASSIST. ADMINISTRATIVO I  IV6,ASSISTENTE
ASSIST. ADMINISTRATIVO I  IV7,ASSISTENTE
ASSIST. ADMINISTRATIVO II,ASSISTENTE
ASSIST. ADMINISTRATIVO III,ASSISTENTE
ASSIST. ADMINISTRATIVO IV,ASSISTENTE
ASSIST. TECNICO ADMINISTRATIVO,ASSISTENTE
ASSIST.ADM.,ASSISTENTE
ASSIST.ADMINISTRATIVO,ASSISTENTE
ASSIST.ADMINISTRATIVO II  V1,ASSISTENTE
ASSIST.ADMINISTRATIVO II  V2,ASSISTENTE
ASSIST.ADMINISTRATIVO II  V7,ASSISTENTE
ASSIST.ADMNISTRATIVO,ASSISTENTE
ASSISTENT ADM APRENDIZ,ASSISTENTE
ASSISTENT RELACOES PUBLICAS,ASSISTENTE
ASSISTENT TEC ADMINISTRACAO,ASSISTENTE
ASSISTENTE,ASSISTENTE
ASSISTENTE ADMINIST I I3,ASSISTENTE
ASSISTENTE ADMINIST I I4,ASSISTENTE
ASSISTENTE ADMINIST I I5,ASSISTENTE
ASSISTENTE ADMINIST I I6,ASSISTENTE
ASSISTENTE ADMINIST I I7,ASSISTENTE
ASSISTENTE ADMINIST II IV4,ASSISTENTE
ASSISTENTE ADMINIST II IV5,ASSISTENTE
ASSISTENTE ADMINIST II IV7,ASSISTENTE
ASSISTENTE ADMINIST III VI4,ASSISTENTE
ASSISTENTE ADMINIST III VI6,ASSISTENTE
ASSISTENTE ADMINIST III VI7,ASSISTENTE
ASSISTENTE ADMINISTATIVO I,ASSISTENTE
ASSISTENTE ADMINISTRATIVO,ASSISTENTE
ASSISTENTE ADMINISTRATIVO ( CO,ASSISTENTE
ASSISTENTE COMERCIAL,ASSISTENTE
ASSISTENTE COMUN E MARKETING,ASSISTENTE
ASSISTENTE CONTABIL,ASSISTENTE
ASSISTENTE DE ADMINISTRACAO,ASSISTENTE
ASSISTENTE DE CONTABILIDADE,ASSISTENTE
ASSISTENTE DE GABINETE,ASSISTENTE
ASSISTENTE DE OPERACOES I,ASSISTENTE
ASSISTENTE DE OPERACOES II,ASSISTENTE
ASSISTENTE DE PESSOAL,ASSISTENTE
ASSISTENTE DE PESSOAL VI7,ASSISTENTE
ASSISTENTE DE PRODUCAO,ASSISTENTE
ASSISTENTE DE SUP TECNOLOGICO,ASSISTENTE
ASSISTENTE DIRETORIA,ASSISTENTE
ASSISTENTE FINANCEIRO,ASSISTENTE
ASSISTENTE GABINETE,ASSISTENTE
ASSISTENTE INFO. JUNIOR,ASSISTENTE
ASSISTENTE INFO. JUNIOR2,ASSISTENTE
ASSISTENTE INFO. JUNIOR3,ASSISTENTE
ASSISTENTE INFO. JUNIOR7,ASSISTENTE
ASSISTENTE INFO. PLENO,ASSISTENTE
ASSISTENTE INFO. PLENO1,ASSISTENTE
ASSISTENTE INFO. PLENO3,ASSISTENTE
ASSISTENTE INFO. PLENO4,ASSISTENTE
ASSISTENTE INFO. PLENO5,ASSISTENTE
ASSISTENTE INFO. SENIOR,ASSISTENTE
ASSISTENTE INFO. SENIOR4,ASSISTENTE
ASSISTENTE INFO. SENIOR5,ASSISTENTE
ASSISTENTE INFO. SENIOR7,ASSISTENTE
ASSISTENTE JR,ASSISTENTE
ASSISTENTE JURIDICO,ASSISTENTE
ASSISTENTE LEGISLATIVA,ASSISTENTE
ASSISTENTE LEGISLATIVO,ASSISTENTE
ASSISTENTE NUCLEO REGIONAL,ASSISTENTE
ASSISTENTE OPERACOES,ASSISTENTE
ASSISTENTE PESSOAL,ASSISTENTE
ASSISTENTE PRODUCAO,ASSISTENTE
ASSISTENTE SERVICOS INTERNOS,ASSISTENTE
ASSISTENTE SOCIAL,ASSISTENTE
ASSISTENTE SOCIAL  IV1,ASSISTENTE
ASSISTENTE SOCIAL (ESTATUTARIO,ASSISTENTE
ASSISTENTE SOCIAL C6,ASSISTENTE
ASSISTENTE SOCIAL C7,ASSISTENTE
ASSISTENTE SOCIAL D7,ASSISTENTE
ASSISTENTE SOCIAL EDUCACIONAL,ASSISTENTE
ASSISTENTE SR,ASSISTENTE
ASSISTENTE SUP ADMNISTRATIVO,ASSISTENTE
ASSISTENTE SUP TECNOLOGICO,ASSISTENTE
ASSISTENTE TEC LEGISLATIVO,ASSISTENTE
ASSISTENTE TECNICO,ASSISTENTE
ASSISTENTE TECNICO  VIII1,ASSISTENTE
ASSISTENTE TECNICO  VIII6,ASSISTENTE
ASSISTENTE TECNICO  VIII7,ASSISTENTE
ASSISTENTE TECNICO C4,ASSISTENTE
ASSISTENTE TECNICO C5,ASSISTENTE
ASSISTENTE TECNICO C6,ASSISTENTE
ASSISTENTE TECNICO C7,ASSISTENTE
ASSISTENTE TECNICO D6,ASSISTENTE
ASSISTENTE TECNICO D7,ASSISTENTE
ASSISTENTE TECNICO I NEFETIVO,ASSISTENTE
ASSISTENTE TECNICO I6,ASSISTENTE
ASSISTENTE TECNICO I7,ASSISTENTE
ASSISTENTE TECNICO IV6,ASSISTENTE
ASSISTENTE TECNICO VI6,ASSISTENTE
ASSISTENTE TECNOL INFORMACAO,ASSISTENTE
ASSISTENTE TECNOL. INFORMACAO,ASSISTENTE
ASSITENTE TECNICO II NEFETIVO,ASSISTENTE
ASSSISTENTE ADMINISTRATIVO,ASSISTENTE
ATEND ENFERMAGEM,ATENDENTE
ATENDENTE,ATENDENTE
ATENDENTE COMERCIAL,ATENDENTE
ATENDENTE CONSULT. DENTARIO,ATENDENTE
ATENDENTE CONSULTORIO DENTARI,ATENDENTE
ATENDENTE CONSULTORIO DENTARIO,ATENDENTE
ATENDENTE TECNICO,ATENDENTE
AU ILIAR DE SERVICOS,AUXILIAR
AUDITOR,AUDITOR
AUDITOR DE CONTAS PUBLICAS,AUDITOR
AUDITOR FISCAL MERCAD TRANSITO,AUDITOR
AUDITOR FISCAL MERCAD.TRANSITO,AUDITOR
AUDITOR FISCAL TRIBUTARIO EST,AUDITOR
AUDITOR FISCAL TRIBUTARIO EST.,AUDITOR
AUDITOR INTERNO,AUDITOR
AUX  MACANICO II5,AUXILIAR
AUX  SERV  GERAIS II2,AUXILIAR
AUX  SERV  GERAIS II3,AUXILIAR
AUX  SERV  GERAIS II4,AUXILIAR
AUX  SERV  GERAIS II5,AUXILIAR
AUX  SERV  GERAIS II6,AUXILIAR
AUX  SERV  GERAIS II7,AUXILIAR
AUX ALMOXARIFADO,AUXILIAR
AUX AUDITORIA DE CONTAS PUB,AUXILIAR
AUX BALCAO,AUXILIAR
AUX DE BOMBEIRO HIDRAULICO,AUXILIAR
AUX DE IMPRESSAO,AUXILIAR
AUX DE TESOURARIA I5,AUXILIAR
AUX ELETRICISTA,AUXILIAR
AUX ELETROCARDIOGRAMA,AUXILIAR
AUX ENFERMAGEM,AUXILIAR
AUX ESCRITORIO,AUXILIAR
AUX ESTATISTICA,AUXILIAR
AUX FISCALIZACAO CREDENCIADO,AUXILIAR
AUX GESTAO ORNIZACIONAL,AUXILIAR
AUX LAB ANALISE CLINICA,AUXILIAR
AUX LAB ANALISE FISICO-QUIMICA,AUXILIAR
AUX LABORATORIO,AUXILIAR
AUX LABORATORIO ANALISE FISIC,AUXILIAR
AUX LABORATORIO DE ANALISE CL,AUXILIAR
AUX OPER EQUIP,AUXILIAR
AUX SERV DIVERSOS,AUXILIAR
AUX SERVICO SAUDE ENFERMAGEM,AUXILIAR
AUX TECN METROLOGICO,AUXILIAR
AUX VENDAS,AUXILIAR
AUX. ADM/FINANCAS,AUXILIAR
AUX. ADMINISTRATIVO,AUXILIAR
AUX. BOMB.HIDRAULICO,AUXILIAR
AUX. DE ACABAMENTO,AUXILIAR
AUX. DE ADMINISTRACAO C4,AUXILIAR
AUX. DE ADMINISTRACAO C5,AUXILIAR
AUX. DE ADMINISTRACAO C6,AUXILIAR
AUX. DE ADMINISTRACAO C7,AUXILIAR
AUX. DE ALMOXARIFADO,AUXILIAR
AUX. DE ARQUIVO,AUXILIAR
AUX. DE BALCAO,AUXILIAR
AUX. DE BIBLIOTECA,AUXILIAR
AUX. DE CIRCULACAO,AUXILIAR
AUX. DE CONTABILIDADE,AUXILIAR
AUX. DE CORTE,AUXILIAR
AUX. DE COZINHEIRO,AUXILIAR
AUX. DE CULTURA,AUXILIAR
AUX. DE DISCOTECARIO,AUXILIAR
AUX. DE ELETRICISTA,AUXILIAR
AUX. DE ELETROCARDIOGRAMA,AUXILIAR
AUX. DE ENFERM DO TRABALHO,AUXILIAR
AUX. DE ENFERMAGEM,AUXILIAR
AUX. DE ENGENHEIRO,AUXILIAR
AUX. DE ESCRITA,AUXILIAR
AUX. DE ESCRITORIO,AUXILIAR
AUX. DE ESTATISTICA,AUXILIAR
AUX. DE EXPEDICAO,AUXILIAR
AUX. DE FATURAMENTO,AUXILIAR
AUX. DE GABINETE,AUXILIAR
AUX. DE GESTAO ORGANIZACIONAL,AUXILIAR
AUX. DE IMPRESSAO,AUXILIAR
AUX. DE INFO. JUNIOR,AUXILIAR
AUX. DE INFO. PLENO,AUXILIAR
AUX. DE INFO. SENIOR,AUXILIAR
AUX. DE LAB ANALISE CLINICA,AUXILIAR
AUX. DE LABORATORIO,AUXILIAR
AUX. DE LIMPEZA,AUXILIAR
AUX. DE MANUT GERAL,AUXILIAR
AUX. DE MECANICO,AUXILIAR
AUX. DE OPERACOES,AUXILIAR
AUX. DE PISCICULTURA,AUXILIAR
AUX. DE PRE IMPRESSAO,AUXILIAR
AUX. DE PRODUCAO GRAFICA,AUXILIAR
AUX. DE SECRETARIA,AUXILIAR
AUX. DE SERVICOS,AUXILIAR
AUX. DE SERVICOS A1,AUXILIAR
AUX. DE SERVICOS C6,AUXILIAR
AUX. DE SERVICOS C7,AUXILIAR
AUX. DE SERVICOS GERAIS,AUXILIAR
AUX. DE SETOR COMPRAS E PAT,AUXILIAR
AUX. DE SETOR DE COMPRAS E PAT,AUXILIAR
AUX. DE SONDAGEM,AUXILIAR
AUX. DE TESOURARIA,AUXILIAR
AUX. DE TOPOGRAFO,AUXILIAR
AUX. DE TOPOGRAFO  III7,AUXILIAR
AUX. DE VENDAS,AUXILIAR
AUX. LAB ANALISE FIS-QUIMICA,AUXILIAR
AUX. MECANICO,AUXILIAR
AUX. OPERACIONAL,AUXILIAR
AUX. SERV. GERAIS I,AUXILIAR
AUX. SERV. GERAIS II,AUXILIAR
AUX. SERV.GERAIS,AUXILIAR
AUX. TECNICO,AUXILIAR
AUX. TECNICO METROLOGICO,AUXILIAR
AUX. TOPOGRAFO,AUXILIAR
AUX.ADMINISTRATIVO,AUXILIAR
AUX.ADMINISTRATIVO B3,AUXILIAR
AUX.ADMINISTRATIVO C5,AUXILIAR
AUX.ADMINISTRATIVO C6,AUXILIAR
AUX.ADMINISTRATIVO C7,AUXILIAR
AUX.ADMINISTRATIVO D5,AUXILIAR
AUX.ADMINISTRATIVO D6,AUXILIAR
AUX.ADMINISTRATIVO D7,AUXILIAR
AUX.BOMB.HIDRAULICO,AUXILIAR
AUX.DE ALMOXARIFADO D7,AUXILIAR
AUX.DE ARQUIVO,AUXILIAR
AUX.DE ELETRICISTA C3,AUXILIAR
AUX.DE ELETRICISTA C6,AUXILIAR
AUX.DE ELETRICISTA C7,AUXILIAR
AUX.DE ELETRICISTA D7,AUXILIAR
AUX.DE ESCRITORIO,AUXILIAR
AUX.DE ESTATISTICA C7,AUXILIAR
AUX.DE ESTATISTICA D7,AUXILIAR
AUX.DE SECRETARIA C5,AUXILIAR
AUX.DE SECRETARIA C6,AUXILIAR
AUX.DE SECRETARIA C7,AUXILIAR
AUX.DE SECRETARIA D5,AUXILIAR
AUX.DE SECRETARIA D6,AUXILIAR
AUX.DE SECRETARIA D7,AUXILIAR
AUX.DE SERV.GERAIS C3,AUXILIAR
AUX.DE SERV.GERAIS C4,AUXILIAR
AUX.DE SERV.GERAIS C5,AUXILIAR
AUX.DE SERV.GERAIS C6,AUXILIAR
AUX.DE SERV.GERAIS C7,AUXILIAR
AUX.DE SERV.GERAIS D5,AUXILIAR
AUX.DE SERV.GERAIS D6,AUXILIAR
AUX.DE SERV.GERAIS D7,AUXILIAR
AUX.DE SERVICO D7,AUXILIAR
AUX.DE SERVICOS,AUXILIAR
AUX.DE SERVICOS GERAIS I  I1,AUXILIAR
AUX.DE SERVICOS GERAIS I  I3,AUXILIAR
AUX.DE SERVICOS GERAIS I  I6,AUXILIAR
AUX.DE SERVICOS GERAIS I  I7,AUXILIAR
AUX.DE SERVICOS GERAIS I 15,AUXILIAR
AUX.DE SERVICOS GERAIS II  II,AUXILIAR
AUX.ELETRICISTA,AUXILIAR
AUX.OPER.EQ.DIV.,AUXILIAR
AUX.SERVICO,AUXILIAR
AUX.TECNICO  V4,AUXILIAR
AUX.TECNICO  V7,AUXILIAR
AUX: ADMINISTRATIVO,AUXILIAR
AUX: DE ACABAMENTO,AUXILIAR
AUX: DE EXPEDICAO,AUXILIAR
AUX: DE FATURAMENTO,AUXILIAR
AUX: DE SERVICO GERAIS,AUXILIAR
AUXIL. ADM/FINANCAS  A2,AUXILIAR
AUXIL. ADM/FINANCAS  A3,AUXILIAR
AUXILIAIR ADMINISTRATIVO,AUXILIAR
AUXILIAR ACADEMICO,AUXILIAR
AUXILIAR ADMINISTRATIVO,AUXILIAR
AUXILIAR ADMINISTRATIVO I,AUXILIAR
AUXILIAR ADMINISTRATIVO NEFET,AUXILIAR
AUXILIAR ADMINSTRATIVO,AUXILIAR
AUXILIAR ALMOXARIFADO,AUXILIAR
AUXILIAR ALMOXARIFE,AUXILIAR
AUXILIAR CONTABILIDADE,AUXILIAR
AUXILIAR CONTROLE INTERNO,AUXILIAR
AUXILIAR DE  SERVICOS ADMINIST,AUXILIAR
AUXILIAR DE ACABAMENTO,AUXILIAR
AUXILIAR DE ADMINISTRACAO,AUXILIAR
AUXILIAR DE ARTES GRAFICAS,AUXILIAR
AUXILIAR DE ARTIFICE,AUXILIAR
AUXILIAR DE BIBLIOTECA,AUXILIAR
AUXILIAR DE BIBLIOTECARIO,AUXILIAR
AUXILIAR DE CIRCULACAO,AUXILIAR
AUXILIAR DE CONTABILIDADE,AUXILIAR
AUXILIAR DE COZINHA,AUXILIAR
AUXILIAR DE COZINHEIRO,AUXILIAR
AUXILIAR DE CULTURA,AUXILIAR
AUXILIAR DE CULTURA NEFETIVO,AUXILIAR
AUXILIAR DE DOCUMENTARISTA,AUXILIAR
AUXILIAR DE ELETRICISTA,AUXILIAR
AUXILIAR DE ENFERMAGEM,AUXILIAR
AUXILIAR DE ENGENHEIRO,AUXILIAR
AUXILIAR DE ENSINO PRIMARIO,AUXILIAR
AUXILIAR DE ESCRITA,AUXILIAR
AUXILIAR DE ESCRITORIO,AUXILIAR
AUXILIAR DE ESCRITORIO I3,AUXILIAR
AUXILIAR DE ESTATISTICA,AUXILIAR
AUXILIAR DE EXPEDICAO,AUXILIAR
AUXILIAR DE FARMACIA,AUXILIAR
AUXILIAR DE FOTOGRAFO,AUXILIAR
AUXILIAR DE GABINETE,AUXILIAR
AUXILIAR DE GABINETE (ESTATUTA,AUXILIAR
AUXILIAR DE IMPRESSAO,AUXILIAR
AUXILIAR DE LABORATORIO,AUXILIAR
AUXILIAR DE LIMPEZA,AUXILIAR
AUXILIAR DE MECANICO,AUXILIAR
AUXILIAR DE MECANOGRAFO,AUXILIAR
AUXILIAR DE NUTRICAO,AUXILIAR
AUXILIAR DE NUTRICIONISTA,AUXILIAR
AUXILIAR DE OPERACOES I,AUXILIAR
AUXILIAR DE OPERACOES II,AUXILIAR
AUXILIAR DE OPERACOES III,AUXILIAR
AUXILIAR DE OPERADOR,AUXILIAR
AUXILIAR DE PARTEIRA,AUXILIAR
AUXILIAR DE PISCICULTURA II7,AUXILIAR
AUXILIAR DE PISCICULTURA VI7,AUXILIAR
AUXILIAR DE PORTARIA,AUXILIAR
AUXILIAR DE PRE IMPRESSAO,AUXILIAR
AUXILIAR DE PROCESSAMENTO,AUXILIAR
AUXILIAR DE PRODUCAO,AUXILIAR
AUXILIAR DE RADIOLOGIA,AUXILIAR
AUXILIAR DE S GERAIS,AUXILIAR
AUXILIAR DE SALA,AUXILIAR
AUXILIAR DE SANEAMENTO,AUXILIAR
AUXILIAR DE SERV GERAIS,AUXILIAR
AUXILIAR DE SERVICO,AUXILIAR
AUXILIAR DE SERVICO (ESTATUTAR,AUXILIAR
AUXILIAR DE SERVICO DE PESS,AUXILIAR
AUXILIAR DE SERVICO SOCIAL,AUXILIAR
AUXILIAR DE SERVICOS,AUXILIAR
AUXILIAR DE SERVICOS ADMINISTR,AUXILIAR
AUXILIAR DE SERVICOS GERAIS,AUXILIAR
AUXILIAR DE SERVICOS JR,AUXILIAR
AUXILIAR DE TOPOGRAFO,AUXILIAR
AUXILIAR DE VENDAS I3,AUXILIAR
AUXILIAR DE VENDAS I4,AUXILIAR
AUXILIAR DE VENDAS I5,AUXILIAR
AUXILIAR DE VENDAS I6,AUXILIAR
AUXILIAR DE VENDAS I7,AUXILIAR
AUXILIAR INFO. JUNIOR2,AUXILIAR
AUXILIAR INFO. JUNIOR3,AUXILIAR
AUXILIAR INFO. PLENO5,AUXILIAR
AUXILIAR INFO. PLENO6,AUXILIAR
AUXILIAR INFO. SENIOR7,AUXILIAR
AUXILIAR JUDICIARIO,AUXILIAR
AUXILIAR LABORATORIO,AUXILIAR
AUXILIAR MANUT GERAL,AUXILIAR
AUXILIAR OPERACIONAL C5,AUXILIAR
AUXILIAR OPERACIONAL C6,AUXILIAR
AUXILIAR OPERACIONAL C7,AUXILIAR
AUXILIAR OPERACIONAL D6,AUXILIAR
AUXILIAR OPERACIONAL D7,AUXILIAR
AUXILIAR PRO-TEMPORE,AUXILIAR
AUXILIAR PRO TEMPORE,AUXILIAR
AUXILIAR SERVICO LEGISLATIVO,AUXILIAR
AUXILIAR TEC ADMINISTRACAO,AUXILIAR
AUXILIAR TEC ARQUIVOLOGIA,AUXILIAR
AUXILIAR TEC DE ENGENHARIA,AUXILIAR
AUXILIAR TEC DE PREVIDENCIA,AUXILIAR
AUXILIAR TEC FINANCEIRO,AUXILIAR
AUXILIAR TECNICO,AUXILIAR
AUXILIAR TECNICO I3,AUXILIAR
AUXILIAR TECNICO METROLOGICO,AUXILIAR
AUXILIAR TECNICO PROMOTORIA,AUXILIAR
AUXILIAR TESOURARIA,AUXILIAR
AUXILIAR VETERINARIO,AUXILIAR
BALCONISTA,ATENDENTE
BIBLIOTECARIA,TECNICO
BIBLIOTECARIO,TECNICO
BIBLIOTECARIO D7,TECNICO
BIBLIOTECARIO(A),TECNICO
BIOLOGO,TECNICO
BIOQUIMICA,TECNICO
BIOQUIMICO,TECNICO
BOLSISTA,TECNICO
BOMBEIRO HIDRAULICO,TECNICO
CABO,MILITAR
CABO DA RESERVA,MILITAR
CABO DE FOGO,MILITAR
CABO DE FOGO  III7,MILITAR
CADASTRADOR,TECNICO
CAIXA,TECNICO
CALDEIREIRO,TECNICO
CAPELAO MILITAR,MILITAR
CAPITAO,MILITAR
CAPITAO DA RESERVA,MILITAR
CARCEREIRO,TECNICO
CARGO COMISSIONADO - NIV MED,COMISSIONADO
CARGO COMISSIONADO - NIV SUP,COMISSIONADO
CARGO DE CONFIANCA,ASSESSOR
CARPINTEIRO,TECNICO
CH DA 1A CIRETRAN,CHEFIA
CH DE GAB PRESIDENCIA AL-AS-00,CHEFIA
CH.  S.  S.  F. E COBRANCA,CHEFIA
CH. .DO SET.DE PESSOAL,CHEFIA
CH. DE IMP. E ACABAMENTO,CHEFIA
CH. DE MATERIAL  PATRIMONIO,CHEFIA
CH. DE S. ORC. GRAFICO,CHEFIA
CH. DIVISAO CONST E CONSERVAC,CHEFIA
CH. DO S. DE A. GRAFICAS,CHEFIA
CH. DO S. DE CIRCULACAO,CHEFIA
CH. DO S. DE MANUTENCAO,CHEFIA
CH. S. DE OFICINAS,CHEFIA
CH. S. DE REPORTAGEM,CHEFIA
CH.ASS.COM.SOCIAL,CHEFIA
CH.ASS.JURIDICA,CHEFIA
CH.ASS.PLANEJ.,CHEFIA
CH.ASSESSORIA JURIDICA,CHEFIA
CH.CIRETRAN,CHEFIA
CH.DE GABINETE,CHEFIA
CH.DE SERVICO,CHEFIA
CH.DE SERVICOS GERAIS,CHEFIA
CH.DIV.ALMOXARIFADO,CHEFIA
CH.DIV.APOIO LOGIST.,CHEFIA
CH.DIV.ARQUIVO HISTORICO,CHEFIA
CH.DIV.CADASTRO,CHEFIA
CH.DIV.COMPRAS,CHEFIA
CH.DIV.CONVENIOS,CHEFIA
CH.DIV.EDITORACAO,CHEFIA
CH.DIV.EQUIP.HIDRAULICO,CHEFIA
CH.DIV.EQUIP.MECANICOS,CHEFIA
CH.DIV.INSTRUM.E CORDAS,CHEFIA
CH.DIV.ORQ.E CORAIS,CHEFIA
CH.DIV.PROG.VISUAL,CHEFIA
CH.DIV.REC.HUMANOS,CHEFIA
CH.DIV.REV.TOM.CONTAS,CHEFIA
CH.DIV.SERV.GERAIS,CHEFIA
CH.DIV.TESOURARIA,CHEFIA
CH.DIVISAO,CHEFIA
CH.DPTO.ADM.FINANCEIRA,CHEFIA
CH.DPTO.DE CONTABILIDADE,CHEFIA
CH.DPTO.MAT.PATRIMONIO,CHEFIA
CH.DPTO.OP.MANUTENCAO,CHEFIA
CH.INFRACOES E PENALIDADES,CHEFIA
CH.NUCLEO DE DOC.PESQ.MUSICAI,CHEFIA
CH.POSTO DE TRANSITO,CHEFIA
CH.PROTOCOLO CIRETRANS,CHEFIA
CH.SECAO,CHEFIA
CH.UNIDADE APOIO ADM.,CHEFIA
CHAPISTA,TECNICO
CHARGISTA,TECNICO
CHEFE,CHEFIA
CHEFE ADM. E INCENTIVO,CHEFIA
CHEFE APOIO ADM.,CHEFIA
CHEFE ASS.COM.SOCIAL,CHEFIA
CHEFE ASSES JURIDICA,CHEFIA
CHEFE ASSESSORIA,CHEFIA
CHEFE ASSESSORIA JURIDICA,CHEFIA
CHEFE ASSESSORIA PLANEJAMENTO,CHEFIA
CHEFE CIRETRAN,CHEFIA
CHEFE COM.PERM. LICITACAO,CHEFIA
CHEFE CONTABILIDADE,CHEFIA
CHEFE CONTROLE INTERNO,CHEFIA
CHEFE COORDENACAO,CHEFIA
CHEFE DA CENTRAL DE GUIAS,CHEFIA
CHEFE DA DIV TECNICA,CHEFIA
CHEFE DA DIV. COMPRA/ALMOXARI,CHEFIA
CHEFE DA DIVISAO DE ANALISE E,CHEFIA
CHEFE DA DIVISAO DE ANALISE LA,CHEFIA
CHEFE DA DIVISAO DE ARQUIVO E,CHEFIA
CHEFE DA DIVISAO DE ATENDIMENT,CHEFIA
CHEFE DA DIVISAO DE CONTROLE D,CHEFIA
CHEFE DA DIVISAO DE ESTUDOS AM,CHEFIA
CHEFE DA DIVISAO DE EXECUCAO F,CHEFIA
CHEFE DA DIVISAO DE FISCALIZAC,CHEFIA
CHEFE DA DIVISAO DE MATERIAL E,CHEFIA
CHEFE DA DIVISAO DE ORCAMENTO,CHEFIA
CHEFE DA PROCURADORIA,CHEFIA
CHEFE DA PROCURADORIA JURIDIC,CHEFIA
CHEFE DA SECAO DE TOPOGRAFIA,CHEFIA
CHEFE DA UNID SET PLANEJAMENT,CHEFIA
CHEFE DE ADM. E INCENTIVO,CHEFIA
CHEFE DE CONTROLE INTERNO,CHEFIA
CHEFE DE COORDENA?AO,CHEFIA
CHEFE DE DEPOSITO,CHEFIA
CHEFE DE DISCIPLINA,CHEFIA
CHEFE DE DIV A N INSTRUM,CHEFIA
CHEFE DE DIV ASSES JURIDICA,CHEFIA
CHEFE DE DIV. INFORMATICA,CHEFIA
CHEFE DE DIV. REST. E ENCADER,CHEFIA
CHEFE DE DIVISAO,CHEFIA
CHEFE DE DIVISAO ALMOXARIFADO,CHEFIA
CHEFE DE DIVISAO DE PRODUCAO,CHEFIA
CHEFE DE ENGENHARIA,CHEFIA
CHEFE DE FINANCAS,CHEFIA
CHEFE DE GABINETE,CHEFIA
CHEFE DE GABINETE AL-AS-003,CHEFIA
CHEFE DE NUCLEO,CHEFIA
CHEFE DE OBRAS E MANUTEN?ÆO,CHEFIA
CHEFE DE PATRIM IMOBILIARIO,CHEFIA
CHEFE DE PESSOAL,CHEFIA
CHEFE DE PUBLICIDADE,CHEFIA
CHEFE DE RECURSOS HUMANOS,CHEFIA
CHEFE DE RECUSRSOS HUMANOS,CHEFIA
CHEFE DE REDACAO,CHEFIA
CHEFE DE SECAO ANALISE E ELAB,CHEFIA
CHEFE DE SECAO CONT ORCAMENTA,CHEFIA
CHEFE DE SECAO DE CONSERVACAO,CHEFIA
CHEFE DE SECAO DE CUSTOS E OB,CHEFIA
CHEFE DE SECAO DE FISCALIZAÇÃ,CHEFIA
CHEFE DE SECAO FISC.OBRAS HID,CHEFIA
CHEFE DE SECCAO,CHEFIA
CHEFE DE SERVICO,CHEFIA
CHEFE DE SERVICOS GERAIS,CHEFIA
CHEFE DE SETOR,CHEFIA
CHEFE DE SETOR DE EXP E NOTIF,CHEFIA
CHEFE DE SETOR DISC.REGUL,CHEFIA
CHEFE DE SETOR FINANCEIRO,CHEFIA
CHEFE DE SETOR REC HUM,CHEFIA
CHEFE DE SETOR TITULACAO,CHEFIA
CHEFE DE TESOURARIA,CHEFIA
CHEFE DE TESOURARIA  VI7,CHEFIA
CHEFE DEP COMERC ABASTEC.,CHEFIA
CHEFE DEP COMERC ABASTECIMENT,CHEFIA
CHEFE DEP ENG RURAL,CHEFIA
CHEFE DEP FINANCEIRO,CHEFIA
CHEFE DEP MAT PATRIMONIO,CHEFIA
CHEFE DEP PLANEJAMENTO,CHEFIA
CHEFE DESENVOL ECONOMICO,CHEFIA
CHEFE DESENVOL INSTITUCIONAL,CHEFIA
CHEFE DISCOTECA,CHEFIA
CHEFE DIV ABASTECIMENTO,CHEFIA
CHEFE DIV CATALOGACAO,CHEFIA
CHEFE DIV CENT ABASTECIMENTOS,CHEFIA
CHEFE DIV COMERCIALIZACAO,CHEFIA
CHEFE DIV CONT FINANCAS,CHEFIA
CHEFE DIV CONTABIL FINANCEIRO,CHEFIA
CHEFE DIV DE REC HIDRICOS,CHEFIA
CHEFE DIV DE TRANSMISSOES,CHEFIA
CHEFE DIV FINANCAS,CHEFIA
CHEFE DIV INDUSTRIAL,CHEFIA
CHEFE DIV MANUT TEC,CHEFIA
CHEFE DIV MEC AGRICOLA,CHEFIA
CHEFE DIV PAT MATERIAL,CHEFIA
CHEFE DIV PISC PESC ARTESANAL,CHEFIA
CHEFE DIV RECURSOS FINANCEIRO,CHEFIA
CHEFE DIV SERV GERAIS,CHEFIA
CHEFE DIV TRANSPORTES,CHEFIA
CHEFE DIVISAO,CHEFIA
CHEFE DIVISAO ABASTECIMENTO,CHEFIA
CHEFE DIVISAO ACOMPANHAMENTO,CHEFIA
CHEFE DIVISAO ALMOXARIFADO,CHEFIA
CHEFE DIVISAO ANALISE,CHEFIA
CHEFE DIVISAO APOIO ADM,CHEFIA
CHEFE DIVISAO APOIO LOGIST.,CHEFIA
CHEFE DIVISAO ARMAZENAMENTO,CHEFIA
CHEFE DIVISAO ARQUIVO,CHEFIA
CHEFE DIVISAO ASSES JURIDICA,CHEFIA
CHEFE DIVISAO ATENDIMENTO,CHEFIA
CHEFE DIVISAO AUDIOVISUAL,CHEFIA
CHEFE DIVISAO CADASTRO,CHEFIA
CHEFE DIVISAO CATALOGACAO,CHEFIA
CHEFE DIVISAO CENT ABASTEC.,CHEFIA
CHEFE DIVISAO COMERCIALIZACAO,CHEFIA
CHEFE DIVISAO COMPRA/ALMOXARI,CHEFIA
CHEFE DIVISAO COMPRAS,CHEFIA
CHEFE DIVISAO CONST E CONSERV.,CHEFIA
CHEFE DIVISAO CONT FINANCAS,CHEFIA
CHEFE DIVISAO CONTROLE D,CHEFIA
CHEFE DIVISAO CONVENIOS,CHEFIA
CHEFE DIVISAO DE PESSOAL,CHEFIA
CHEFE DIVISAO EDITORACAO,CHEFIA
CHEFE DIVISAO EQUIP.,CHEFIA
CHEFE DIVISAO ESTUDOS AM,CHEFIA
CHEFE DIVISAO ESTUDOS E PROJ.,CHEFIA
CHEFE DIVISAO EXECUCAO F,CHEFIA
CHEFE DIVISAO FINANCAS,CHEFIA
CHEFE DIVISAO FISCALIZACÃO,CHEFIA
CHEFE DIVISAO INDUSTRIAL,CHEFIA
CHEFE DIVISAO INFORMATICA,CHEFIA
CHEFE DIVISAO INSTRUM.E CORDAS,CHEFIA
CHEFE DIVISAO MANUT TECNICA,CHEFIA
CHEFE DIVISAO MATERIAL E,CHEFIA
CHEFE DIVISAO MEC AGRICOLA,CHEFIA
CHEFE DIVISAO ORCAMENTO,CHEFIA
CHEFE DIVISAO ORQ.E CORAIS,CHEFIA
CHEFE DIVISAO PAT MATERIAL,CHEFIA
CHEFE DIVISAO PESS E MATERIAL,CHEFIA
CHEFE DIVISAO PESSOAL,CHEFIA
CHEFE DIVISAO PISC PESC ART.,CHEFIA
CHEFE DIVISAO PRODUCAO,CHEFIA
CHEFE DIVISAO PROG.VISUAL,CHEFIA
CHEFE DIVISAO REC. FINANCEIROS,CHEFIA
CHEFE DIVISAO REC. HIDRICOS,CHEFIA
CHEFE DIVISAO REC. HUMANOS,CHEFIA
CHEFE DIVISAO REST. E ENCADER.,CHEFIA
CHEFE DIVISAO REV.TOM.CONTAS,CHEFIA
CHEFE DIVISAO SERV. GERAIS,CHEFIA
CHEFE DIVISAO TECNICA,CHEFIA
CHEFE DIVISAO TESOURARIA,CHEFIA
CHEFE DIVISAO TRANSMISSOES,CHEFIA
CHEFE DIVISAO TRANSPORTES,CHEFIA
CHEFE DO CERIMONIAL,CHEFIA
CHEFE DO SET CONTABILID,CHEFIA
CHEFE DO SETOR DE ALM/PATRIM.,CHEFIA
CHEFE DPTO. ADM.FINANCEIRA,CHEFIA
CHEFE DPTO. CONTABILIDADE,CHEFIA
CHEFE DPTO. MAT.PATRIMONIO,CHEFIA
CHEFE DPTO. OP.MANUTENCAO,CHEFIA
CHEFE DPTO. PESSOAL,CHEFIA
CHEFE DPTO.PESSOAL,CHEFIA
CHEFE ENGENHARIA,CHEFIA
CHEFE ESCRITORIO REG,CHEFIA
CHEFE ESCRITORIO REG CAJAZEIR,CHEFIA
CHEFE ESCRITORIO REG GUARABIR,CHEFIA
CHEFE ESCRITORIO REG ITABAIAN,CHEFIA
CHEFE ESCRITORIO REG PATOS,CHEFIA
CHEFE ESCRITORIO REG SOUSA,CHEFIA
CHEFE FINANCAS,CHEFIA
CHEFE GABINETE,CHEFIA
CHEFE GABINETE CORREGEDORIA,CHEFIA
CHEFE GABINETE PRESIDENCIA,CHEFIA
CHEFE IMP. E ACABAMENTO,CHEFIA
CHEFE INFRACOES E PENALIDADES,CHEFIA
CHEFE LOJA VEND INS IMPLEM,CHEFIA
CHEFE LOJA VEND PROD BASIC CG,CHEFIA
CHEFE LOJA VEND PROD BASICO,CHEFIA
CHEFE MATERIAL PATRIMONIO,CHEFIA
CHEFE NUC. DOC.PESQ.MUSICAIS,CHEFIA
CHEFE NUC. ESTATISTICA,CHEFIA
CHEFE NUC. PISC SOUSA,CHEFIA
CHEFE NUC. PLANEJAMENTO,CHEFIA
CHEFE NUCLEO,CHEFIA
CHEFE NUCLEO PISC SOUSA,CHEFIA
CHEFE OBRAS E MANUTENÇÃO,CHEFIA
CHEFE PATRIM IMOBILIARIO,CHEFIA
CHEFE PESSOAL,CHEFIA
CHEFE POSTO DE TRANSITO,CHEFIA
CHEFE PROC JURIDICA,CHEFIA
CHEFE PROCURADORIA JURIDICA,CHEFIA
CHEFE PROTOCOLO CIRETRANS,CHEFIA
CHEFE PUBLICIDADE,CHEFIA
CHEFE RECURSOS HUMANOS,CHEFIA
CHEFE REDACAO,CHEFIA
CHEFE REGIONAL,CHEFIA
CHEFE REGIONAL DA BORBOREMA,CHEFIA
CHEFE RR ITAPORANGA,CHEFIA
CHEFE RR SOLANEA,CHEFIA
CHEFE S. DE A. GRAFICAS,CHEFIA
CHEFE S. DE COMPRAS,CHEFIA
CHEFE S. DE OF. DA REDACAO,CHEFIA
CHEFE S. DE OFICINAS,CHEFIA
CHEFE S. DE REPORTAGEM,CHEFIA
CHEFE S. S. F. E COBRANCA,CHEFIA
CHEFE SEC COMP INS IMP PROD,CHEFIA
CHEFE SEC CONSERV SEGURANCA,CHEFIA
CHEFE SEC CONT FINANCEIRO,CHEFIA
CHEFE SEC INF MERCADO CG,CHEFIA
CHEFE SEC INF MERCADO JP,CHEFIA
CHEFE SEC INF MERCADO PATOS,CHEFIA
CHEFE SEC INS IMP PRODUTOS,CHEFIA
CHEFE SEC MERCADO CG,CHEFIA
CHEFE SEC MERCADO JP,CHEFIA
CHEFE SEC MERCADO PATOS,CHEFIA
CHEFE SEC PROD ENS PESQ EXT,CHEFIA
CHEFE SEC PROT COMUNICACAO,CHEFIA
CHEFE SEC REPROGRAFIA,CHEFIA
CHEFE SEC SUP CONTROLE,CHEFIA
CHEFE SEC TESOURARIA,CHEFIA
CHEFE SECAO,CHEFIA
CHEFE SECAO COMP INS IMP PROD,CHEFIA
CHEFE SECAO COMP MAT MANUTE.,CHEFIA
CHEFE SECAO COMP PROD BASIC.,CHEFIA
CHEFE SECAO COMP PROD BASICOS,CHEFIA
CHEFE SECAO CONSERV SEGUR.,CHEFIA
CHEFE SECAO CONT. FINANCAS,CHEFIA
CHEFE SECAO DE MATERIAL,CHEFIA
CHEFE SECAO DMINISTRATIVA,CHEFIA
CHEFE SECAO EXEC DE OBRAS,CHEFIA
CHEFE SECAO INF MERCADO,CHEFIA
CHEFE SECAO INS IMP PRODUTOS,CHEFIA
CHEFE SECAO MATERIAL,CHEFIA
CHEFE SECAO MERCADO,CHEFIA
CHEFE SECAO PROT COMUNICACAO,CHEFIA
CHEFE SECAO REPROGRAFIA,CHEFIA
CHEFE SECAO SUP CONTROLE,CHEFIA
CHEFE SECAO TECNICA,CHEFIA
CHEFE SECAO TESOURARIA,CHEFIA
CHEFE SECAO TRANSPORTES,CHEFIA
CHEFE SEGET,CHEFIA
CHEFE SEMAP,CHEFIA
CHEFE SERVICO,CHEFIA
CHEFE SERVICOS GERAIS,CHEFIA
CHEFE SET. DE TRANSPORTE,CHEFIA
CHEFE SET.REPROGRAF.,CHEFIA
CHEFE SETOR,CHEFIA
CHEFE SETOR ADM PATOS,CHEFIA
CHEFE SETOR ADMINISTRATIVO,CHEFIA
CHEFE SETOR ADMINISTRATIVO CG,CHEFIA
CHEFE SETOR ALM/PATRIM.,CHEFIA
CHEFE SETOR ARMAZENS LOCAL,CHEFIA
CHEFE SETOR ARMAZENS LOCAL CG,CHEFIA
CHEFE SETOR CAD/ACOMP/PROJ.,CHEFIA
CHEFE SETOR CAD/ACOMP/PROJETO,CHEFIA
CHEFE SETOR CONTABILIDADE,CHEFIA
CHEFE SETOR DISC.REGUL,CHEFIA
CHEFE SETOR DIVULGACAO/COMUNI,CHEFIA
CHEFE SETOR EXP E NOTIFICAÇÃO,CHEFIA
CHEFE SETOR FINANCEIRO,CHEFIA
CHEFE SETOR PESSOAL,CHEFIA
CHEFE SETOR PROTOCOLO,CHEFIA
CHEFE SETOR REC HUMANOS,CHEFIA
CHEFE SETOR REPROGRAFIA,CHEFIA
CHEFE SETOR TESOURARIA,CHEFIA
CHEFE SETOR TESOURARIA CG,CHEFIA
CHEFE SETOR TESOURARIA PATOS,CHEFIA
CHEFE SETOR TITULACAO,CHEFIA
CHEFE SETOR TRANSPORTE,CHEFIA
CHEFE TER ROD,CHEFIA
CHEFE TER ROD C GRANDE,CHEFIA
CHEFE TER ROD CAJAZEIRAS,CHEFIA
CHEFE TER ROD GUARABIRA,CHEFIA
CHEFE TESOURARIA,CHEFIA
CHEFE UNID SET PLANEJAMENTO,CHEFIA
CHEFE UNIDADE APOIO ADM.,CHEFIA
CHEFIA DE GABINETE,CHEFIA
CHEFIA DE SECAO,CHEFIA
CIRURGIAO DENTISTA,MEDICO
CLARINETISTA PROF ORQUESTRA,MUSICO
CLASSIFICADOR,TECNICO
CO-GESTOR,CHEFIA
CO GESTOR,CHEFIA
COBRADOR,TECNICO
COLETOR DE DADOS,TECNICO
COLETOR ESTADUAL,TECNICO
COMANDANTE,TECNICO
COMANDANTE DE AERONAVE,TECNICO
COMISSIONADO,COMISSIONADO
COMUNICóLOGO,TECNICO
COMUNICOLOGO,TECNICO
CONCILIADOR,TECNICO
CONF. DISTRIBUIDOR,TECNICO
CONFERENTE,TECNICO
CONFERENTE DE CAPATAZIA,TECNICO
CONFERIDOR,TECNICO
CONFIANCA,ASSESSOR
CONS NIVEL SUPERIOR,CONSELHEIRO
CONSELHEIRO,CONSELHEIRO
CONSELHEIRO ADMINISTRATIVO,CONSELHEIRO
CONSELHEIRO DE ADMINISTRACAO,CONSELHEIRO
CONSELHEIRO FISCAL,CONSELHEIRO
CONSELHO ADMINISTRACAO,CONSELHEIRO
CONSELHO DE ADMINISTRACA?O - C,CONSELHEIRO
CONSELHO FISCAL,CONSELHEIRO
CONSELHO FISCAL - CONSELHEIRO,CONSELHEIRO
CONSULTOR,CONSULTOR
CONSULTOR DE ECON E FINANCAS,CONSULTOR
CONSULTOR DE FOMENTO,CONSULTOR
CONSULTOR DE MARKETING,CONSULTOR
CONSULTOR DE NIVEL SUPERIOR,CONSULTOR
CONSULTOR DE PLANEJAMENTO,CONSULTOR
CONSULTOR DE SISTEMA,CONSULTOR
CONSULTOR GERAL,CONSULTOR
CONSULTOR JURIDICO,CONSULTOR
CONSULTOR JURIDICO AL-AS-001,CONSULTOR
CONSULTOR JURIDICO PRESIDENCIA,CONSULTOR
CONSULTOR LEGISLATIVO,CONSULTOR
CONSULTOR ORGANIZACIONAL,CONSULTOR
CONSULTOR TECNICO,CONSULTOR
CONTADOR,TECNICO
CONTADOR  C5,TECNICO
CONTADOR  C7,TECNICO
CONTADOR  III4,TECNICO
CONTADOR  IV1,TECNICO
CONTADOR  IV5,TECNICO
CONTADOR (ESTATUTARIO),TECNICO
CONTADOR C4,TECNICO
CONTADOR C6,TECNICO
CONTADOR C7,TECNICO
CONTADOR D7,TECNICO
CONTINUO,TECNICO
CONTINUO - C6,TECNICO
CONTINUO I6,TECNICO
CONTRABAIXISTA PROF ORQUESTRA,MUSICO
CONTRABAIXISTA SUBSTITUTO,MUSICO
CONTRATO DE EMERGENCIA,CONTRATO DE EMERGENCIA
CONTROLADOR,TECNICO
CONTROLADOR  II6,TECNICO
CONTROLADOR  II7,TECNICO
COORD ADJ COPAE,COORDENADOR
COORD ATEND E PROTOCOLO,COORDENADOR
COORD CADAST IMOBILIARIO,COORDENADOR
COORD CONTRATOS E CONVENIOS,COORDENADOR
COORD COPAE,COORDENADOR
COORD DA ASSESSORIA JURIDICA,COORDENADOR
COORD DA CRECHE AL-DG-002,COORDENADOR
COORD DE ACOMP DE AÇÕES JUDIC,COORDENADOR
COORD DE ADM DE PESSOAL,COORDENADOR
COORD DE ADMN FINANCEIRA,COORDENADOR
COORD DE ASSESS ESPECIAL,COORDENADOR
COORD DE ASSESS TECNICA,COORDENADOR
COORD DE CAPAC E TREINAM,COORDENADOR
COORD DE CONTABILIDADE,COORDENADOR
COORD DE CONTROLE AMBIENTAL,COORDENADOR
COORD DE CONTROLE INTERNO,COORDENADOR
COORD DE DOCUMENTACAO,COORDENADOR
COORD DE ECONOMIA,COORDENADOR
COORD DE ESTAGIO TRAINEE,COORDENADOR
COORD DE FISCALIZACAO,COORDENADOR
COORD DE GEOPROCESSAMENTO,COORDENADOR
COORD DE MARKETING,COORDENADOR
COORD DE MATERIAL E PATRIMONI,COORDENADOR
COORD DE MICRO REGIAO,COORDENADOR
COORD DE ORC E FINANCAS,COORDENADOR
COORD DE PATR E MATERIAL,COORDENADOR
COORD DE PESSOAL,COORDENADOR
COORD DE RECURSOS HUMANOS,COORDENADOR
COORD DE SERV GERAIS,COORDENADOR
COORD DE SERVICOS GERAIS,COORDENADOR
COORD DE TOPOGRAFIA,COORDENADOR
COORD DO CERIMONIAL AL-AS-003,COORDENADOR
COORD DO PROCON LEGISL AL-AS-0,COORDENADOR
COORD ESC DO LEGISLAT AL-DG-00,COORDENADOR
COORD ESTUDOS ECON E FISCAIS,COORDENADOR
COORD EXECUCAO FINANCEIRA,COORDENADOR
COORD EXECUTIVO AL-OG-004,COORDENADOR
COORD GERAL CERIMONIAL AL-AS-0,COORDENADOR
COORD GERAL ESC LEGISLAT AL-DG,COORDENADOR
COORD LOCAL  A  / 200 L,COORDENADOR
COORD LOCAL  B  / 501 L,COORDENADOR
COORD LOCAL  C  /1001 L,COORDENADOR
COORD LOCAL  D  /3001 L,COORDENADOR
COORD LOCAL  E  /6001 L,COORDENADOR
COORD MEDICOES AMBIENTAIS,COORDENADOR
COORD ORCAMENTO E CUSTOS,COORDENADOR
COORD PESQUISA POTENCIALIDADE,COORDENADOR
COORD VISTORIA TECNICA,COORDENADOR
COORD.  ASSESS. TECNICA,COORDENADOR
COORD. ACOMP DAS ACOES,COORDENADOR
COORD. ADJUNTO,COORDENADOR
COORD. ADM DE PESSOAL,COORDENADOR
COORD. ADM. E FINANCAS,COORDENADOR
COORD. ADMINISTRATIVO,COORDENADOR
COORD. APOIO TECNICO,COORDENADOR
COORD. AREA,COORDENADOR
COORD. ARTES CENICAS,COORDENADOR
COORD. ARTES PLASTICAS,COORDENADOR
COORD. ARTESANATO,COORDENADOR
COORD. ASSESS ESPECIAL,COORDENADOR
COORD. ASSESSORIA JURIDICA,COORDENADOR
COORD. ASSESSORIA TECNICA,COORDENADOR
COORD. ATEND E PROTOCOLO,COORDENADOR
COORD. BILBL.MUSEUS E CINEMA,COORDENADOR
COORD. CAPACITAÇÃO/TREINAM.,COORDENADOR
COORD. CONCESSAO DE BENEFICIO,COORDENADOR
COORD. CONTABILIDADE,COORDENADOR
COORD. CONTRATOS E CONVENIOS,COORDENADOR
COORD. CONTROLE AMBIENTAL,COORDENADOR
COORD. CONTROLE INTERNO,COORDENADOR
COORD. CREDITO E ACAO FUND.,COORDENADOR
COORD. DA ASSESSORIA JURIDICA,COORDENADOR
COORD. DE EDUCACAO AMBIENTAL,COORDENADOR
COORD. DE ESTUDOS AMBIENTAIS,COORDENADOR
COORD. DE PATR E MATERIAL,COORDENADOR
COORD. DE REL. COM O MERCADO,COORDENADOR
COORD. DESENV. E FOMENTO,COORDENADOR
COORD. DESENVOLVIMENTO,COORDENADOR
COORD. DIVULGACAO,COORDENADOR
COORD. DOCUMENTACAO,COORDENADOR
COORD. ECONOMIA,COORDENADOR
COORD. EDUCACAO AMBIENTAL,COORDENADOR
COORD. ESTAGIO TRAINEE,COORDENADOR
COORD. ESTUDOS AMBIENTAIS,COORDENADOR
COORD. ESTUDOS E PROJETOS,COORDENADOR
COORD. ESTUDOS ECON E FISCAIS,COORDENADOR
COORD. FINANCEIRO,COORDENADOR
COORD. FISCALIZACAO,COORDENADOR
COORD. GEOPROCESSAMENTO,COORDENADOR
COORD. GUARDA PORTUARIA,COORDENADOR
COORD. HUM. DE AREAS P,COORDENADOR
COORD. JURIDICO,COORDENADOR
COORD. LIT.MEM.CULTURAL,COORDENADOR
COORD. LOCAL,COORDENADOR
COORD. LOCAL DESIGN,COORDENADOR
COORD. MARKETING,COORDENADOR
COORD. MATERIAL E PATRIMONIO,COORDENADOR
COORD. MEDICOES AMBIENTAIS,COORDENADOR
COORD. MICRO REGIAO,COORDENADOR
COORD. MUSICA,COORDENADOR
COORD. NUCLEO REGIONAL,COORDENADOR
COORD. OBRAS,COORDENADOR
COORD. ORC E FINANCAS,COORDENADOR
COORD. ORCAMENTO E CUSTOS,COORDENADOR
COORD. PATR E MATERIAL,COORDENADOR
COORD. PESQUISA,COORDENADOR
COORD. PESQUISA POTENCIALIDADE,COORDENADOR
COORD. PESSOAL,COORDENADOR
COORD. PLANEJAMENTO,COORDENADOR
COORD. PROG E PROJETOS,COORDENADOR
COORD. PROJETO OPERARIO,COORDENADOR
COORD. PROMOCOES,COORDENADOR
COORD. RECURSOS HUMANOS,COORDENADOR
COORD. RELACAO COM MERCARDO,COORDENADOR
COORD. SAUDE,COORDENADOR
COORD. SERVICOS GERAIS,COORDENADOR
COORD. SETOR,COORDENADOR
COORD. TOPOGRAFIA,COORDENADOR
COORD.DE ARTES PLASTICAS,COORDENADOR
COORD.DE BILBL.MUSEUS E CINEM,COORDENADOR
COORD.DE CREDITO E ACAO FUND.,COORDENADOR
COORD.DE DESENV. E FOMENTO,COORDENADOR
COORD.DE DIVULGACAO,COORDENADOR
COORD.DE MUSICA,COORDENADOR
COORD.DE PROMOCOES,COORDENADOR
COORD.LIT.MEM.CULTURAL,COORDENADOR
COORDENADOR,COORDENADOR
COORDENADOR ADJUNTO,COORDENADOR
COORDENADOR ASSESSORIA TECNIC,COORDENADOR
COORDENADOR DA ASSESSORIA JURI,COORDENADOR
COORDENADOR DA GUARDA PORTU?RI,COORDENADOR
COORDENADOR DE ADM FINANCAS,COORDENADOR
COORDENADOR DE ADM. E FINANCA,COORDENADOR
COORDENADOR DE AREA,COORDENADOR
COORDENADOR DE CONCESSAO DE B,COORDENADOR
COORDENADOR DE SERVICOS,COORDENADOR
COORDENADOR DE SETOR,COORDENADOR
COORDENADOR DE VISTORIA DO FA,COORDENADOR
COORDENADOR DIVULGACAO,COORDENADOR
COORDENADOR DO INPI,COORDENADOR
COORDENADOR JURIDICO,COORDENADOR
COPEIRA,OUTROS
COPISTA MUSICO,OUTROS
CORD.DE ARTES CENICAS,COORDENADOR
CORONEL,MILITAR
CORREGEDOR,OUTROS
CORREGEDOR GERAL,OUTROS
CORTADOR,OUTROS
COSTUREIRO,OUTROS
COZINHEIRO,COZINHEIRO
DATIL.PROFICIENTE,DATILOGRAFO
DATILOGRAFA,DATILOGRAFO
DATILOGRAFO,DATILOGRAFO
DEFENSOR PUBLICO,DEFENSOR
DEFENSOR PUBLICO 1A ENTRANCIA,DEFENSOR
DEFENSOR PUBLICO 2A ENTRANCIA,DEFENSOR
DEFENSOR PUBLICO 3A ENTRANCIA,DEFENSOR
DEFENSOR PUBLICO ESPECIAL,DEFENSOR
DELEGADO DE POLICIA,DELEGADO
DELEGADO DE POLICIA CIVIL,DELEGADO
DELEGADO REGIONAL,DELEGADO
DENTISTA,DENTISTA
DENTISTA IV1,DENTISTA
DEPOSITARIO PUBLICO 2. ENTRA,OUTROS
DEPUTADO,DEPUTADO
DEPUTADO ESTADUAL,DEPUTADO
DEPUTADO PRESIDENTE,DEPUTADO
DESEMBARGADOR,DESEMBARGADOR
DESENHISTA,DESENHISTA
DESENHISTA  VII7,DESENHISTA
DESENHISTA PROJETISTA,DESENHISTA
DESENHISTA TECNICO,DESENHISTA
DESENHISTA TECNICO VI6,DESENHISTA
DESENHISTA TECNICO VI7,DESENHISTA
DESIGNER PROMOCIONAL,OUTROS
DIAGRAMADOR,DIAGRAMADOR
DIAGRAMADOR DIARIO OFICIAL,DIAGRAMADOR
DIGITADOR,DIGITADOR
DIGITADOR II IV7,DIGITADOR
DIR DE AGENCIA,DIRETOR
DIR DE CASA DE PERMANENC,DIRETOR
DIR. ADJUNTO,DIRETOR
DIR. ADMINISTRATIVO,DIRETOR
DIR. ADMINISTRATIVO FINANCEIRO,DIRETOR
DIR. AGENCIA,DIRETOR
DIR. ATEND INST PROC E,DIRETOR
DIR. BIBLIOTECA,DIRETOR
DIR. CASA DE PERMANENCIA,DIRETOR
DIR. CASA LAR,DIRETOR
DIR. CETRIM,DIRETOR
DIR. CRECHE,DIRETOR
DIR. DEPART DOC E ARQUIVO,DIRETOR
DIR. DEPART PESQUISA,DIRETOR
DIR. DEPART PESSOAL,DIRETOR
DIR. DEPART PROG CULTURAL,DIRETOR
DIR. DEPART. DOCUMENT.,DIRETOR
DIR. DEPARTAMENTO,DIRETOR
DIR. DES.ARTIST.CULTURAL,DIRETOR
DIR. DESENVOLVIMENTO,DIRETOR
DIR. DIDEC,DIRETOR
DIR. DIRAF,DIRETOR
DIR. DIROP,DIRETOR
DIR. DIV APOIO ADMINISTRATIVO,DIRETOR
DIR. DIV CONTAB FINANCAS,DIRETOR
DIR. DIV CONTABILIDIDADE,DIRETOR
DIR. DIV REG MERCANTIL,DIRETOR
DIR. DIVISAO,DIRETOR
DIR. ECONOMIA E FOMENTO,DIRETOR
DIR. ENGENHARIA,DIRETOR
DIR. EVENTOS,DIRETOR
DIR. EXECUTIVO,DIRETOR
DIR. EXECUTIVO DE ACOMPANHA,DIRETOR
DIR. EXECUTIVO DE ADMINISTR,DIRETOR
DIR. EXECUTIVO DE GESTAO E,DIRETOR
DIR. FINANCEIRO,DIRETOR
DIR. FISCALIZACAO,DIRETOR
DIR. GERAL,DIRETOR
DIR. MANUTENCAO,DIRETOR
DIR. MARKETING,DIRETOR
DIR. MUSEU,DIRETOR
DIR. NUC DOC E ARQUIVO,DIRETOR
DIR. NUC LIVROS MERCANTIS,DIRETOR
DIR. NUC PROT E INFORMACAO,DIRETOR
DIR. NUC SERVICOS GERAIS,DIRETOR
DIR. NUCLEO,DIRETOR
DIR. OBRAS,DIRETOR
DIR. OPERACIONAL,DIRETOR
DIR. PLANEJAMENTO,DIRETOR
DIR. PRESIDENTE,DIRETOR
DIR. PROCESSAMENTO DE D,DIRETOR
DIR. PROGRAMACAO,DIRETOR
DIR. REGULACAO,DIRETOR
DIR. SERVICOS GERAIS,DIRETOR
DIR. SUPERINTENDENTE,DIRETOR
DIR. TEC.EST.P. SAUDE E SAUDE,DIRETOR
DIR. TECNICO,DIRETOR
DIR. TRANSPORTES,DIRETOR
DIR. UNID.CULTURA,DIRETOR
DIR. VICE PRESIDENTE,DIRETOR
DIR.DE UNID.CULT.I,DIRETOR
DIR.DE UNID.CULT.II,DIRETOR
DIR.DES.ARTIST.CULT,DIRETOR
DIRETOR,DIRETOR
DIRETOR  TECNICO,DIRETOR
DIRETOR ADJ DE UNIDADE,DIRETOR
DIRETOR ADJUNTO,DIRETOR
DIRETOR ADM  FINANCEIRO,DIRETOR
DIRETOR ADM FINANCEIRO,DIRETOR
DIRETOR ADM FINNCEIRO,DIRETOR
DIRETOR ADM.FINANCEIRO,DIRETOR
DIRETOR ADMINIST. FINANCEIRO,DIRETOR
DIRETOR ADMINISTRATIVO,DIRETOR
DIRETOR ADMINSTRATIVO,DIRETOR
DIRETOR DA BIBLIOTECA,DIRETOR
DIRETOR DE ADM. E FINANCAS,DIRETOR
DIRETOR DE ADMINISTRACAO E  FI,DIRETOR
DIRETOR DE CASA LAR,DIRETOR
DIRETOR DE CRECHE,DIRETOR
DIRETOR DE DEPART. DOCUMENT.,DIRETOR
DIRETOR DE DEPARTAMENTO,DIRETOR
DIRETOR DE DEPARTAMENTO AL-DG-,DIRETOR
DIRETOR DE DIVIS?O AL-DG-002,DIRETOR
DIRETOR DE DIVISÃO AL-DG-002,DIRETOR
DIRETOR DE DIVISÃO AL DG 002,DIRETOR
DIRETOR DE DIVISAO,DIRETOR
DIRETOR DE DIVISAO AL-DG-002,DIRETOR
DIRETOR DE ECONOMIA E FOMENTO,DIRETOR
DIRETOR DE EVENTOS,DIRETOR
DIRETOR DE FISCALIZACAO,DIRETOR
DIRETOR DE MANUTENCAO,DIRETOR
DIRETOR DE MARKETING,DIRETOR
DIRETOR DE MUSEU,DIRETOR
DIRETOR DE NUCLEO,DIRETOR
DIRETOR DE OBRAS,DIRETOR
DIRETOR DE OPERACOES,DIRETOR
DIRETOR DE PROCESSAMENTO DE D,DIRETOR
DIRETOR DE PROGRAMACAO,DIRETOR
DIRETOR DE REGULACAO,DIRETOR
DIRETOR DE SERVICOS GERAIS,DIRETOR
DIRETOR DE TRANSPORTES,DIRETOR
DIRETOR DE UNIDADE,DIRETOR
DIRETOR DEPART DOC E ARQUIVO,DIRETOR
DIRETOR DEPART PESQUISA,DIRETOR
DIRETOR DEPART PESSOAL,DIRETOR
DIRETOR DEPART PROG CULTURAL,DIRETOR
DIRETOR DIDEC,DIRETOR
DIRETOR DIRAF,DIRETOR
DIRETOR DIROP,DIRETOR
DIRETOR DIV APOIO ADMINISTRAT,DIRETOR
DIRETOR DIV CONTAB FINANCAS,DIRETOR
DIRETOR DIV CONTABILIDIDADE,DIRETOR
DIRETOR DIV REG MERCANTIL,DIRETOR
DIRETOR ENGENHARIA,DIRETOR
DIRETOR ESCOLA TECNICA,DIRETOR
DIRETOR ESCOLAR,DIRETOR
DIRETOR EXECUTIVO,DIRETOR
DIRETOR EXECUTIVO DE ACOMPANHA,DIRETOR
DIRETOR EXECUTIVO DE ADMINISTR,DIRETOR
DIRETOR EXECUTIVO DE GESTAO E,DIRETOR
DIRETOR FINANCEIRO,DIRETOR
DIRETOR GERAL,DIRETOR
DIRETOR GERAL AL-DS-001,DIRETOR
DIRETOR NUC DOC E ARQUIVO,DIRETOR
DIRETOR NUC LIVROS MERCANTIS,DIRETOR
DIRETOR NUC SERVICOS GERAIS,DIRETOR
DIRETOR PRESIDENTE,DIRETOR
DIRETOR SUPERINTENDENTE,DIRETOR
DIRETOR TECNICO,DIRETOR
DIRETOR(A) DE BIBLIOTECA,DIRETOR
DIRETORA ADMINISTRATIVO,DIRETOR
DIRETORA SUPERINTENDENTE,DIRETOR
DIRETORIA DE DESENVOLVIMENTO,DIRETOR
DISCOTECARIO,TECNICO
ECONOMISTA,TECNICO
ECONOMISTA   C7,TECNICO
ECONOMISTA  I1,TECNICO
ECONOMISTA  IV1,TECNICO
ECONOMISTA  IV5,TECNICO
ECONOMISTA C6,TECNICO
ECONOMISTA C7,TECNICO
ECONOMISTA D7,TECNICO
EDITOR,EDITOR
EDITOR DE CADERNO,EDITOR
EDITOR DE CORREIOS,EDITOR
EDITOR DE CULTURA,EDITOR
EDITOR DE ESPORTES,EDITOR
EDITOR DO CORREIO DAS ARTES,EDITOR
EDITOR DO DIARIO OFICIAL,EDITOR
EDITOR GERAL,EDITOR
EDITOR PAGINA,EDITOR
EDUC FISICA,PROFESSOR
EDUCADOR,PROFESSOR
ELETRICISTA,ELETRICISTA
ELETRICISTA  IV1,ELETRICISTA
ELETRICISTA  IV7,ELETRICISTA
ELETRICISTA MANUTENCAO,ELETRICISTA
ELETRICISTA MANUTENCAO II VI6,ELETRICISTA
EMBALADOR,OUTROS
EMENDADOR,OUTROS
ENCADERNADOR,OUTROS
ENCANADOR,ENCANADOR
ENCANADOR  I7,ENCANADOR
ENCANADOR JUNIOR,ENCANADOR
ENCANADOR SENIOR,ENCANADOR
ENCARREGADO CRED E COBRANCA,OUTROS
ENCARREGADO DE MANUTENCAO,OUTROS
ENCARREGADO DE PROVISAO,OUTROS
ENCARREGADO DE SERVICO,OUTROS
ENCARREGADO OPER. PORTUARIA,OUTROS
ENCARREGADO POSTO AGRICOLA,OUTROS
ENFERMEIRO,ENFERMEIRO
ENFERMEIRO DO TRABALHO,ENFERMEIRO
ENFERMEIRO NEFETIVO,ENFERMEIRO
ENFERMEIRO TEMPORARIO,ENFERMEIRO
ENG.AGRONOMO I-IV,ENGENHEIRO
ENG.AGRONOMO I-VI,ENGENHEIRO
ENG.AGRONOMO II-II,ENGENHEIRO
ENG.AGRONOMO II-III,ENGENHEIRO
ENG.AGRONOMO II-VI,ENGENHEIRO
ENG.AGRONOMO III-VII,ENGENHEIRO
ENG.ALIMENTOS II-V,ENGENHEIRO
ENG.CARTOGRAF.II-IV,ENGENHEIRO
ENG.CARTOGRAF.II-VI,ENGENHEIRO
ENGENHEIRO,ENGENHEIRO
ENGENHEIRO (ESTATUTARIO),ENGENHEIRO
ENGENHEIRO AGRONOMO,ENGENHEIRO
ENGENHEIRO AGRONOMO  II-III,ENGENHEIRO
ENGENHEIRO AGRONOMO I2,ENGENHEIRO
ENGENHEIRO AGRONOMO I5,ENGENHEIRO
ENGENHEIRO AGRONOMO II2,ENGENHEIRO
ENGENHEIRO AGRONOMO II5,ENGENHEIRO
ENGENHEIRO AGRONOMO III2,ENGENHEIRO
ENGENHEIRO AGRONOMO III3,ENGENHEIRO
ENGENHEIRO AGRONOMO IV-3,ENGENHEIRO
ENGENHEIRO AGRONOMO IV 5,ENGENHEIRO
ENGENHEIRO AGRONOMO IV2,ENGENHEIRO
ENGENHEIRO AMBIENTAL,ENGENHEIRO
ENGENHEIRO C5,ENGENHEIRO
ENGENHEIRO C6,ENGENHEIRO
ENGENHEIRO CARTOGRAFICO,ENGENHEIRO
ENGENHEIRO CARTOGRAFO,ENGENHEIRO
ENGENHEIRO CIVIL,ENGENHEIRO
ENGENHEIRO CIVIL  III4,ENGENHEIRO
ENGENHEIRO CIVIL  IV1,ENGENHEIRO
ENGENHEIRO CIVIL III2,ENGENHEIRO
ENGENHEIRO D6,ENGENHEIRO
ENGENHEIRO D7,ENGENHEIRO
ENGENHEIRO DE ALIMENTOS,ENGENHEIRO
ENGENHEIRO DE MATERIAIS,ENGENHEIRO
ENGENHEIRO DE MINAS,ENGENHEIRO
ENGENHEIRO ELETRICISTA,ENGENHEIRO
ENGENHEIRO IV,ENGENHEIRO
ENGENHEIRO MECANICO,ENGENHEIRO
ENGENHEIRO MECANICO  III 3,ENGENHEIRO
ENGENHEIRO MECANICO  IV1,ENGENHEIRO
ENGENHEIRO MECANICO I2,ENGENHEIRO
ENGENHEIRO MECANICO II2,ENGENHEIRO
ENGENHEIRO MECANICO IV 5,ENGENHEIRO
ENGENHEIRO MECANICO IV2,ENGENHEIRO
ENGENHEIRO NEFETIVO,ENGENHEIRO
ENGENHEIRO QUIMICO,ENGENHEIRO
ENGENHEIRO SANITARISTA,ENGENHEIRO
ENGENHEIRO SEGURANCA,ENGENHEIRO
ENGOMADEIRA,OUTROS
ENXERTADOR,OUTROS
ESCREVENTE COMPROM 1.ENTRA,ESCREVENTE/ESCRIVAO
ESCREVENTE COMPROM 3. ENTRA,ESCREVENTE/ESCRIVAO
ESCREVENTE COMPROM PRIM ENTRA,ESCREVENTE/ESCRIVAO
ESCREVENTE COMPROM TERC ENTRA,ESCREVENTE/ESCRIVAO
ESCREVENTE DATILOGRAFO,ESCREVENTE/ESCRIVAO
ESCREVENTE DISTRITAL,ESCREVENTE/ESCRIVAO
ESCREVENTE SUBSTITUTO,ESCREVENTE/ESCRIVAO
ESCRITURARIO,ESCREVENTE/ESCRIVAO
ESCRIVAO DE COLETORIA,ESCREVENTE/ESCRIVAO
ESCRIVAO DE POLICIA,ESCREVENTE/ESCRIVAO
ESCRIVAO DO CRIME E JURI,ESCREVENTE/ESCRIVAO
ESCRIVAO SUBSTITUTO,ESCREVENTE/ESCRIVAO
ESTAGIARIO,ESTAGIARIO
ESTAGIARIO(A),ESTAGIARIO
ESTATISTICO,ESTATISTICO
ESTATISTICO C7,ESTATISTICO
ESTATISTICO D7,ESTATISTICO
ESTATUTARIO,ESTATUTARIO
EX-DIRETOR,DIRETOR
EX GOVERNADOR,GOVERNADOR
EXECUTOR DE MANUTENCAO,OUTROS
EXT. RURAL,OUTROS
EXT. RURAL II-BIOLOGA,OUTROS
EXT. RURAL II-ENG.AGRONOMO,OUTROS
EXT. RURAL II-ENG.CIVIL,OUTROS
EXT. RURAL II-ENG.FLORESTAL,OUTROS
EXT. RURAL II-TEC.COOPERATIV.,OUTROS
EXT. RURAL II-VETERINÁRIO,OUTROS
EXT. RURAL II-ZOOTECNISTA,OUTROS
EXT. RURAL II.ENG.PESCA,OUTROS
EXT. SOCIAL,OUTROS
EXT. SOCIAL II,OUTROS
EXT.RURAL I,OUTROS
EXT.RURAL II-BIOLOGA,OUTROS
EXT.RURAL II-ENG.AGRONOMO,OUTROS
EXT.RURAL II-ENG.FLORESTAL,OUTROS
EXT.RURAL II-VET.,OUTROS
EXT.RURAL II-ZOOT.,OUTROS
EXT.RURAL II.ENG.PESCA,OUTROS
EXT.RURALII-TEC.COOPERATIVISMO,OUTROS
EXT.SOCIAL,OUTROS
EXT.SOCIAL I,OUTROS
FAGOTISTA PROF ORQUESTRA,MUSICO
FARMACEUTICO,FARMACEUTICO
FARMACEUTICO BIOQUIMICO,FARMACEUTICO
FARMACEUTICO INDUSTRIAL,FARMACEUTICO
FARMACEUTICO/BIOQUIMICO,FARMACEUTICO
FATURAMENTO,OUTROS
FATURISTA,OUTROS
FIEL,OUTROS
FISC. TRANSP. COLETIVO I  IV5,FISCAL
FISC. TRANSP. COLETIVO I  IV7,FISCAL
FISC.TRANSP.COLETIVO I    IV5,FISCAL
FISC.TRANSP.COLETIVO I    IV6,FISCAL
FISC.TRANSP.COLETIVO I    IV7,FISCAL
FISC.TRANSP.COLETIVO II  VI3,FISCAL
FISC.TRANSP.COLETIVO II  VI6,FISCAL
FISC.TRANSP.COLETIVO II  VI7,FISCAL
FISCAL,FISCAL
FISCAL DE CAMPO,FISCAL
FISCAL DE CAMPO  IV1,FISCAL
FISCAL DE CAMPO  IV2,FISCAL
FISCAL DE CAMPO  IV7,FISCAL
FISCAL DE DEFESA CONSUMIDOR,FISCAL
FISCAL DE OBRAS,FISCAL
FISCAL DEFESA DO CONSUMIDOR,FISCAL
FISCAL ESTADUAL AGROPECUARIO,FISCAL
FISCAL TRANSPORTE COLETIVO,FISCAL
FISIOTERAPEUTA,OUTROS
FITOTECARIA,OUTROS
FLAUTISTA PROF ORQUESTRA,MUSICO
FONOAUDIOLOGO,OUTROS
FOTOG.LABORATORISTA,OUTROS
FOTOGRAFO,OUTROS
FOTOGRAFO LABORATORISTA,OUTROS
FUNDIDOR,OUTROS
GARÇON,OUTROS
GARCON,OUTROS
GARCONETE,OUTROS
GAZETEIRO,OUTROS
GENRENTE ADMINISTRATIVO FINANC,GERENTE
GEOGRAFO,GEOGRAFO
GEOLOGO,OUTROS
GER DA SUC. DE MONTEIRO,GERENTE
GER REGIONAL < 100.000,GERENTE
GER.  SUCUR. DE SOUSA,GERENTE
GER. ADM DE CREDITO,GERENTE
GER. ADMINISTRATIVO,GERENTE
GER. ADMINISTRATIVO FINANCEIRO,GERENTE
GER. ANALISE DE PROJETOS,GERENTE
GER. ATEND E ESTAGIOS,GERENTE
GER. CARTORIOS E NOTIFI,GERENTE
GER. COMERCIAL,GERENTE
GER. CONTROLE INTERNO,GERENTE
GER. DA S.  GUARABIRA,GERENTE
GER. DA S. DE C. GRANDE,GERENTE
GER. DA S. DE CAJAZEIRAS,GERENTE
GER. DA S. DE ITAPORANGA,GERENTE
GER. DA SUC. DE PATOS,GERENTE
GER. DE PROD. GRAFICA,GERENTE
GER. ENERGIA ELETRICA,GERENTE
GER. ESTUDOS TARIFARIOS,GERENTE
GER. EXECUCAO,GERENTE
GER. EXECUTIVO,GERENTE
GER. EXECUTIVO DE ADMINISTR,GERENTE
GER. EXECUTIVO DE CADASTRO,GERENTE
GER. EXECUTIVO DE COBRANÇA,GERENTE
GER. EXECUTIVO DE FISCALIZAÇÃO,GERENTE
GER. EXECUTIVO DE MONITORAM.,GERENTE
GER. EXECUTIVO DE OPERAÇAO,GERENTE
GER. EXECUTIVO DE OUTORGA E,GERENTE
GER. EXECUTIVO DE PRODUCAO,GERENTE
GER. EXECUTIVO DE RECURSOS,GERENTE
GER. EXECUTIVO DE TECNOLOGIA,GERENTE
GER. EXECUTIVO PLANEJAMENTO,GERENTE
GER. FINANCEIRO,GERENTE
GER. GAS CANALIZADO,GERENTE
GER. JORNALISMO,GERENTE
GER. JULGAMENTO E MEDIA,GERENTE
GER. LOJA,GERENTE
GER. NUC. FINANCAS,GERENTE
GER. NUC. PLANEJ.,GERENTE
GER. NUC. PREVENTIVO,GERENTE
GER. NUCLEO,GERENTE
GER. OPER. DE ACOMPANHAMENTO,GERENTE
GER. OPER. DE FISCALIZAÇÃO,GERENTE
GER. ORCAMENTO CONT E FINAN.,GERENTE
GER. PATRIM. IMOBILIARIO,GERENTE
GER. PATRIMONIO,GERENTE
GER. PRODUÇÃO GRAFICA,GERENTE
GER. PROG ORCAMENTARIA,GERENTE
GER. PROGRAMACAO,GERENTE
GER. RECUP DE CREDITOS,GERENTE
GER. RECURSOS HUMANOS,GERENTE
GER. REGIONAL,GERENTE
GER. REGIONAL DE CAMP. GRANDE,GERENTE
GER. RH E PATRIMONIAL,GERENTE
GER. SANEAMENTO,GERENTE
GER. SET. COM. PERM. LICITACA,GERENTE
GER. SET. COM. PERM. LICITACAO,GERENTE
GER. SINDEC,GERENTE
GER. SUCURSAL,GERENTE
GER. TEC. DA INFORMACAO,GERENTE
GER. TECNICO,GERENTE
GER. VISTORIA,GERENTE
GER.DE JORNALISMO,GERENTE
GER.FINANCEIRO,GERENTE
GERENCIA PROG ORCAMENTARIA,GERENTE
GERENTE,GERENTE
GERENTE (AREA TECNICA),GERENTE
GERENTE ADMINISTRATIVO,GERENTE
GERENTE AGROCENTRO PATOS,GERENTE
GERENTE AREA ADMINISTRATIVA,GERENTE
GERENTE COMERCIAL,GERENTE
GERENTE DE ADM DE CREDITO,GERENTE
GERENTE DE ADMINISTRACAO,GERENTE
GERENTE DE ANALISE DE PROJETO,GERENTE
GERENTE DE ATEND E ESTAGIOS,GERENTE
GERENTE DE CARTORIOS E NOTIFI,GERENTE
GERENTE DE ENERGIA ELETRICA,GERENTE
GERENTE DE ESTUDOS TARIFARIOS,GERENTE
GERENTE DE EXECUCAO,GERENTE
GERENTE DE FISCALIZACAO,GERENTE
GERENTE DE FORUM,GERENTE
GERENTE DE GAS CANALIZADO,GERENTE
GERENTE DE JULGAMENTO E MEDIA,GERENTE
GERENTE DE LOJA V7,GERENTE
GERENTE DE N PREVENTIVO,GERENTE
GERENTE DE NUCLEO,GERENTE
GERENTE DE NUCLEO DE PLANEJ.,GERENTE
GERENTE DE NUCLEO REG.ARARUNA,GERENTE
GERENTE DE PATRIM IMOBILIARIO,GERENTE
GERENTE DE PREGAO,GERENTE
GERENTE DE RECUP DE CREDITOS,GERENTE
GERENTE DE SANEAMENTO,GERENTE
GERENTE DE VISTORIA,GERENTE
GERENTE DEPARTAMENTO,GERENTE
GERENTE DO NUCLEO C.DO ROCHA,GERENTE
GERENTE ESPECIAL,GERENTE
GERENTE EXECUIVO DE FISCALIZAC,GERENTE
GERENTE EXECUTIVO,GERENTE
GERENTE EXECUTIVO DE ADMINISTR,GERENTE
GERENTE EXECUTIVO DE CADASTRO,GERENTE
GERENTE EXECUTIVO DE COBRANCA,GERENTE
GERENTE EXECUTIVO DE MONITORAM,GERENTE
GERENTE EXECUTIVO DE OPERACAO,GERENTE
GERENTE EXECUTIVO DE OUTORGA E,GERENTE
GERENTE EXECUTIVO DE PLANEJAME,GERENTE
GERENTE EXECUTIVO DE PRODUCAO,GERENTE
GERENTE EXECUTIVO DE RECURSOS,GERENTE
GERENTE EXECUTIVO DE TECNOLOGI,GERENTE
GERENTE FINANCEIRO,GERENTE
GERENTE GERAL,GERENTE
GERENTE OPER. DE ACOMPANHAMENT,GERENTE
GERENTE OPER. DE FISCALIZACAO,GERENTE
GERENTE OPERACIONAL,GERENTE
GERENTE REGIONAL,GERENTE
GERENTE REGIONAL C GRANDE,GERENTE
GERENTE REGIONAL DA CEHAP CAMP,GERENTE
GERENTE REGIONAL DE BACIAS HID,GERENTE
GERENTE REGIONAL DE ITAPORANG,GERENTE
GERENTE REGIONAL DE PATOS,GERENTE
GERENTE REGIONAL DE SOUSA,GERENTE
GERENTE TECNICO,GERENTE
GERENTE(AREA ADMINISTRATIVA),GERENTE
GESTOR,GESTOR
GESTOR DE CONTRATO,GESTOR
GESTOR DE PLANEJAMENTO,GESTOR
GOVERNADOR DO ESTADO,GOVERNADOR
GRAVADOR,OUTROS
GRAVADOR DE CHAPA,OUTROS
GRAVADOR DE FILME,OUTROS
GUARDA,GUARDA
GUARDA HOSPITALAR,GUARDA
GUARDA PORTUARIO,GUARDA
GUARDA SANITARIO,GUARDA
GUIA DE TURISMO,GUIA DE TURISMO
GUINDASTEIRO,OUTROS
HIDROMETRISTA,OUTROS
HISTORIADOR,HISTORIADOR
ILUSTRADOR,ILUSTRADOR
IMPRESSOR,IMPRESSOR
IMPRESSOR OFF SET,IMPRESSOR
IMPRESSOR PLANA OFF SET,IMPRESSOR
IMPRESSOR ROTATIVO,IMPRESSOR
INSP.DE SEGURANCA,INSPETOR
INSPETOR DE AGENCIA,INSPETOR
INSPETOR DE ALUNOS,INSPETOR
INSPETOR DE CAMPO,INSPETOR
INSPETOR DE SEGURANCA,INSPETOR
INSPETOR DE TURMA,INSPETOR
INSPETOR EDUCACIONAL,INSPETOR
INSPETOR INST PREDIAIS,INSPETOR
INSPETOR ORQUESTRA,INSPETOR
INSPETOR SANITARIO,INSPETOR
INSPETOR TECNICO,INSPETOR
INSTR. OCUPACIONAL,INSTRUTOR
INSTRUTOR DE CAMPOS,INSTRUTOR
INSTRUTOR DE ENSINO PROFISSIO,INSTRUTOR
INSTRUTOR ENS PROFISSIONAL,INSTRUTOR
INSTRUTOR ENS. PROFISSIONAL,INSTRUTOR
INSTRUTOR OCUPACIONAL,INSTRUTOR
INTRUTOR TEC. ITINERANTE,INSTRUTOR
JARDINEIRO,OUTROS
JORNALISTA,OUTROS
JUIZ DIREITO 1 ENTRANCIA,JUIZ
JUIZ DIREITO 2 ENTRANCIA,JUIZ
JUIZ DIREITO 3 ENTRANCIA,JUIZ
JUIZ DIREITO AUXILIAR,JUIZ
JUIZ LEIGO,JUIZ
JUIZ SUBSTITUTO,JUIZ
JUIZ SUBSTITUTO 3 ENTRANCIA,JUIZ
LABORATORISTA,OUTROS
LABORATORISTA  VI7,OUTROS
LAVADEIRA,OUTROS
LEITURISTA,OUTROS
LICEN EM LETRAS,OUTROS
LICENC EST. SOCIAL,OUTROS
LIQUIDANTE,OUTROS
LOC NOTICIARIST DE RADIO,OUTROS
LOCUTOR APRESENT. ANIMADOR,OUTROS
LOCUTOR APRESENTADOR,OUTROS
LOCUTOR APRESENTADOR -ANIMADO,OUTROS
LOCUTOR ENTREVISTADOR,OUTROS
LOCUTOR ESPORTIVO,OUTROS
LOCUTOR NOTICIARISTA DE RADIO,OUTROS
LUTHIER,OUTROS
MAJOR,MILITAR
MAQUINISTA,OUTROS
MARCENEIRO,OUTROS
MARCINEIRO,OUTROS
MARKETING,OUTROS
MEC MANUT MAQ EQUIP AGRIC VI6,MECANICO
MEC MANUT MAQ EQUIP AGRIC VI7,MECANICO
MEC MANUT MAQ EQUIP AGRICOLA,MECANICO
MEC. MAQ. PESADAS,MECANICO
MEC. VEICULO AUTO-MOTORES,MECANICO
MEC. VEICULOS AUTOMOTIVOS,MECANICO
MECANICO,MECANICO
MECANICO DE MAQ.PESADAS  VI1,MECANICO
MECANICO DE MAQ.PESADAS  VI7,MECANICO
MECANICO DE VEICULOS  IV7,MECANICO
MECANICO DE VOO,MECANICO
MECANICO MANUT  VEICULOS  VI4,MECANICO
MECANOGRAFO,MECANICO
MEDICA,MEDICO
MEDICO,MEDICO
MEDICO  IVI,MEDICO
MEDICO C5,MEDICO
MEDICO C6,MEDICO
MEDICO C7,MEDICO
MEDICO D6,MEDICO
MEDICO D7,MEDICO
MEDICO DO TRABALHO,MEDICO
MEDICO TEMPORARIO,MEDICO
MEDICO VETERINARIO,MEDICO
MEMBRO CONSELHO ADMINISTRATIVO,CONSELHEIRO
MEMBRO CONSELHO FISCAL,CONSELHEIRO
MEMBRO DA DIRETORIA,DIRETOR
MEMBRO DA LICITACAO,OUTROS
MERCEOLOGISTA,OUTROS
MERENDEIRA,OUTROS
MESTRE DE CERIMONIA,OUTROS
MESTRE DE OBRA,OUTROS
MESTRE DE OBRAS,OUTROS
METROLOGISTA,OUTROS
METROLOGISTA I,OUTROS
MONITOR,OUTROS
MONITOR PENITENCIARIO,OUTROS
MONTADOR,OUTROS
MONTADOR DE BATERIA,OUTROS
MONTADOR DE BATERIA IV7,OUTROS
MONTADOR DE ORQUESTRA,OUTROS
MORDOMO,OUTROS
MOTORISTA,MOTORISTA
MOTORISTA  IV3,MOTORISTA
MOTORISTA  IV4,MOTORISTA
MOTORISTA  IV5,MOTORISTA
MOTORISTA  IV7,MOTORISTA
MOTORISTA (ESTATUTARIO),MOTORISTA
MOTORISTA A DISPOSICAO,MOTORISTA
MOTORISTA C5,MOTORISTA
MOTORISTA C7,MOTORISTA
MOTORISTA COORDENARIA,MOTORISTA
MOTORISTA D6,MOTORISTA
MOTORISTA D7,MOTORISTA
MOTORISTA DA DIR ADMINIST,MOTORISTA
MOTORISTA DA PRESIDENCIA,MOTORISTA
MOTORISTA DA SUPERINTENDENCIA,MOTORISTA
MOTORISTA DE DIRETORIA,MOTORISTA
MOTORISTA DE GABINETE,MOTORISTA
MOTORISTA DE SERVICO,MOTORISTA
MOTORISTA DIDEC,MOTORISTA
MOTORISTA DIRAF,MOTORISTA
MOTORISTA DIRET ADMINISTRATIV,MOTORISTA
MOTORISTA DIRET OPERACOES,MOTORISTA
MOTORISTA DIRETORIA,MOTORISTA
MOTORISTA DIROP,MOTORISTA
MOTORISTA DO DIRETOR ADMINIST,MOTORISTA
MOTORISTA DO SUPERINTENTE,MOTORISTA
MOTORISTA GABINETE,MOTORISTA
MOTORISTA GAPRE,MOTORISTA
MOTORISTA I,MOTORISTA
MOTORISTA I3,MOTORISTA
MOTORISTA I5,MOTORISTA
MOTORISTA I7,MOTORISTA
MOTORISTA INTERPA,MOTORISTA
MOTORISTA NEFETIVO,MOTORISTA
MOTORISTA POLICIAL,MOTORISTA
MOTORISTA PRESIDENCIA,MOTORISTA
MOTORISTA REGIONAL C G,MOTORISTA
MOTORISTA REPRESENTACAO,MOTORISTA
MOTORISTA SUPERINTENDENTE,MOTORISTA
MOTORISTA VICE-PRESIDENCIA,MOTORISTA
MOTORISTA VICE PRESID?NCIA,MOTORISTA
MOTORISTA VICE PRESIDENCIA,MOTORISTA
MUSEOLOGO,OUTROS
MUSICO,MUSICO
MUSIOLOGA,MUSICO
NECROTOMISTA,OUTROS
NECROTOMISTA POLICIAL,OUTROS
NOTICIARISTA,OUTROS
NUTRICIONISTA,NUTRICIONISTA
OBOEISTA SUBSTITUTO,MUSICO
OBOISTA PROF ORQUESTRA,MUSICO
OFIC REGISTRO CIVIL 1 ENTR,OFICIAL
OFIC REGISTRO CIVIL 2 ENTR,OFICIAL
OFIC REGISTRO CIVIL 3 ENTR,OFICIAL
OFICIAL ADMINISTRATIVO,OFICIAL
OFICIAL DE DILIGENCIA I,OFICIAL
OFICIAL DE DILIGENCIA II,OFICIAL
OFICIAL DE GABINETE,OFICIAL
OFICIAL DE JUSTICA,OFICIAL
OFICIAL DE PROMOTORIA I,OFICIAL
OFICIAL DE PROMOTORIA II,OFICIAL
OFICIAL JUSTICA AVALIAD 1 ENT,OFICIAL
OFICIAL JUSTICA AVALIAD. 1 ENT,OFICIAL
OFICIAL JUSTICA AVALIAD. 3 ENT,OFICIAL
OFICIAL REG CART DISTRITAL,OFICIAL
OFICIAL REG.CART.DIST.2ENT,OFICIAL
OFICIAL REGIST.NOTIFIC.EXPED.,OFICIAL
OPE EQUIP REPROGRAFIA,OPERADOR 
OPER EST ELEV JUNIOR,OPERADOR 
OPER EST ELEV SENIOR,OPERADOR 
OPER EST TRAT JUNIOR,OPERADOR 
OPER EST TRAT SENIOR,OPERADOR 
OPER FOTOCOPIADORA MUSICA,OPERADOR 
OPER MAQ EQUIP PESADOS  VI3,OPERADOR 
OPER MAQ EQUIP PESADOS  VI5,OPERADOR 
OPER MAQ EQUIP PESADOS  VI6,OPERADOR 
OPER MAQ EQUIP PESADOS  VI7,OPERADOR 
OPER SISTEMAS,OPERADOR 
OPER. CENTRO TELEFONICO,OPERADOR 
OPER. COMPUTADOR,OPERADOR 
OPER. EMPILHADEIRA E SIM,OPERADOR 
OPER. EQUIP REPROGRAFIA,OPERADOR 
OPER. EQUIP. DE TERR,OPERADOR 
OPER. EQUIPAMENTO RODOVIARIO,OPERADOR 
OPER. EQUIPAMENTOS,OPERADOR 
OPER. EST ELEV,OPERADOR 
OPER. EST TRAT,OPERADOR 
OPER. GRAVACAO,OPERADOR 
OPER. GUIUNDASTE E SIMILARES,OPERADOR 
OPER. MAQ AGRICOLAS,OPERADOR 
OPER. MAQ EQUIP PESADOS,OPERADOR 
OPER. MAQUINA,OPERADOR 
OPER. MARTELETE,OPERADOR 
OPER. SISTEMAS,OPERADOR 
OPER. SONDA,OPERADOR 
OPER. TELEMARKETING APRENDIZ,OPERADOR 
OPER. TRANSMIS. DE RADIO,OPERADOR 
OPERAD TELEMARKETING APRENDIZ,OPERADOR 
OPERAD. DE EQUIP. DE TERR,OPERADOR 
OPERADOR,OPERADOR 
OPERADOR DE ABASTECIMENTO,OPERADOR 
OPERADOR DE AUDIO,OPERADOR 
OPERADOR DE CENTRO TELEFONICO,OPERADOR 
OPERADOR DE COMPOSER,OPERADOR 
OPERADOR DE COMPUTADOR,OPERADOR 
OPERADOR DE COMPUTADOR  VI7,OPERADOR 
OPERADOR DE EQUIP DE TERRA,OPERADOR 
OPERADOR DE EQUIP.RODOV. VI1,OPERADOR 
OPERADOR DE EQUIP.RODOV. VI2,OPERADOR 
OPERADOR DE EQUIP.RODOV. VI3,OPERADOR 
OPERADOR DE EQUIP.RODOV. VI4,OPERADOR 
OPERADOR DE EQUIP.RODOV. VI5,OPERADOR 
OPERADOR DE EQUIP.RODOV. VI6,OPERADOR 
OPERADOR DE EQUIP.RODOV. VI7,OPERADOR 
OPERADOR DE EQUIPAMENTO,OPERADOR 
OPERADOR DE EQUIPAMENTOS,OPERADOR 
OPERADOR DE FOTOLITO,OPERADOR 
OPERADOR DE GRAVACAO,OPERADOR 
OPERADOR DE MAQ AGRICOLAS,OPERADOR 
OPERADOR DE MAQUINAS AGRICOLA,OPERADOR 
OPERADOR DE MARTELETE  II7,OPERADOR 
OPERADOR DE RADIO,OPERADOR 
OPERADOR DE RADIO  III7,OPERADOR 
OPERADOR DE RAIO X,OPERADOR 
OPERADOR DE SISTEMA,OPERADOR 
OPERADOR DE SISTEMAS,OPERADOR 
OPERADOR DE TRANSMIS. DE RADI,OPERADOR 
OPERADOR DEQUIPAMENTO,OPERADOR 
OPERADOR EQUIP.,OPERADOR 
OPERADOR EQUIPAMENTOS,OPERADOR 
OPERADOR MAQ COPIADORA,OPERADOR 
OPERADOR TEATRAL,OPERADOR 
OPERARIO,OPERARIO
OPERARIO   I1,OPERARIO
ORCAMENTO GRAFICO,OUTROS
ORIENTADOR DE DISCIPLINA,OUTROS
ORIENTADOR DE MERCADO,OUTROS
ORIENTADOR DE MERCADO I3,OUTROS
ORIENTADOR DE MERCADO I4,OUTROS
ORIENTADOR DE MERCADO I7,OUTROS
ORIENTADOR EDUCACIONAL,OUTROS
Outros,OUTROS
OUTROS,OUTROS
OUTROS TRABALHADORES DE APOIO,OUTROS
OUTROS TRABALHADORES DOS SERVI,OUTROS
OUVIDOR,OUTROS
OUVIDOR ADJUNTO,OUTROS
OUVIDOR ASSISTENTE,OUTROS
OUVIDOR GERAL,OUTROS
OUVIDOR PUBLICO,OUTROS
OUVIDOR PUBLICO ADJUNTO AL-OG-,OUTROS
OUVIDOR PUBLICO AL-OG-001,OUTROS
PAGINADOR,OUTROS
PAPILOSCOPISTA,PAPILOSCOPISTA
PARTEIRA,PARTEIRA
PEDAGOGA,PROFESSOR
PEDAGOGO,PROFESSOR
PEDAGOGO C5,PROFESSOR
PEDAGOGO C7,PROFESSOR
PEDAGOGO D7,PROFESSOR
PEDREIRO,PEDREIRO
PEDREIRO  III2,PEDREIRO
PEDREIRO  III3,PEDREIRO
PEDREIRO  III4,PEDREIRO
PEDREIRO  III5,PEDREIRO
PEDREIRO  III7,PEDREIRO
PENSAO DE EX-GOVERNADOR,PENSIONISTA
PENSAO DE EX GOVERNADOR,PENSIONISTA
PENSAO DO TESOURO,PENSIONISTA
PENSAO EX-DEPUTADO,PENSIONISTA
PENSAO EX DEPUTADO,PENSIONISTA
PENSAO JUDICIAL,PENSIONISTA
PENSIONISTA,PENSIONISTA
PENSIONISTA DO PBPREV,PENSIONISTA
PENSIONISTA DO TESOURO,PENSIONISTA
PERCUSSIONISTA PROF ORQUESTRA,MUSICO
PERCUSSIONISTA SUBSTITUTO,MUSICO
PERFURADOR,OUTROS
PERITO CRIMINAL,PERITO
PERITO DE TRANSITO,PERITO
PERITO MEDICO LEGAL,PERITO
PERITO ODONTO-LEGAL,PERITO
PERITO OFICIAL CRIMINAL,PERITO
PERITO OFICIAL MEDICO LEGAL,PERITO
PERITO OFICIAL ODONTO LEGAL,PERITO
PERITO OFICIAL QUIMICO LEGAL,PERITO
PERITO QUIMICO LEGAL,PERITO
PESQUISADOR,PESQUISADOR
PESQUISADOR I,PESQUISADOR
PESQUISADOR II,PESQUISADOR
PESQUISADOR III,PESQUISADOR
PESSOAL A DISPOSICAO,DISPOSICAO
PIANISTA COREPITIDOR,MUSICO
PIANISTA CORREPETIDOR,MUSICO
PINTOR INDUSTRIAL,OUTROS
PINTOR INDUSTRIAL  III7,OUTROS
PORTEIRO,OUTROS
PRATICANTE DE ESCRITORIO,OUTROS
PRATICO AGRICOLA,OUTROS
PRATICO VETERINARIO,OUTROS
PREGOEIRO,OUTROS
PRES COMISSAO LICITACAO,PRESIDENTE
PRES. COMISSAO LICITACAO,PRESIDENTE
PRES. CONSELHO ADMINISTRACAO,PRESIDENTE
PRESIDENTE,PRESIDENTE
PRESIDENTE COMISSAO LICITACAO,PRESIDENTE
PRESIDENTE DA COM.PERM. LICIT,PRESIDENTE
PRESTACAO DE SERVICO,PRESTACAO DE SERVICO
PRIM SARGENTO,MILITAR
PRIM TENENTE,MILITAR
PRIM VIOLINISTA PROF ORQUESTRA,MUSICO
PRO-REITOR,PRO-REITOR
PRO-REITOR ADJUNTO,PRO-REITOR
PRO-TEMPORE,OUTROS
PRO TEMPORE,OUTROS
PROCURADOR,PROCURADOR
PROCURADOR  I1,PROCURADOR
PROCURADOR ADJUNTO AL-PJ-002,PROCURADOR
PROCURADOR AL-PJ-001,PROCURADOR
PROCURADOR DE JUSTICA,PROCURADOR
PROCURADOR DO ESTADO,PROCURADOR
PROCURADOR GERAL,PROCURADOR
PROCURADOR JURIDICO,PROCURADOR
PROCURADOR TRIBUNAL CONTAS,PROCURADOR
PROCURADRO CHEFE,PROCURADOR
PRODUTOR EXECUTIVO,OUTROS
PROF ADJUNTO I,PROFESSOR
PROF DOUTOR-A-DE,PROFESSOR
PROF DOUTOR-A-T20,PROFESSOR
PROF DOUTOR-A-T40,PROFESSOR
PROF DOUTOR-B-DE,PROFESSOR
PROF DOUTOR-B-T20,PROFESSOR
PROF DOUTOR-B-T40,PROFESSOR
PROF DOUTOR-C-DE,PROFESSOR
PROF DOUTOR-C-T40,PROFESSOR
PROF DOUTOR-D-DE,PROFESSOR
PROF DOUTOR-D-T20,PROFESSOR
PROF DOUTOR-D-T40,PROFESSOR
PROF DOUTOR DE,PROFESSOR
PROF DOUTOR T20,PROFESSOR
PROF DOUTOR T40,PROFESSOR
PROF DR ASSOC-A-DE,PROFESSOR
PROF DR ASSOC-A-T40,PROFESSOR
PROF DR ASSOC-B-DE,PROFESSOR
PROF DR ASSOC-D-DE,PROFESSOR
PROF DR ASSOC DE,PROFESSOR
PROF DR ASSOC T40,PROFESSOR
PROF GRAD ESP-A-DE,PROFESSOR
PROF GRAD ESP-A-T40,PROFESSOR
PROF GRAD ESP-C-DE,PROFESSOR
PROF GRAD ESP-C-T20,PROFESSOR
PROF GRAD ESP-C-T40,PROFESSOR
PROF GRAD ESP-D-DE,PROFESSOR
PROF GRAD ESP-D-T20,PROFESSOR
PROF GRAD ESP-D-T40,PROFESSOR
PROF GRAD ESP DE,PROFESSOR
PROF GRAD ESP T20,PROFESSOR
PROF GRAD ESP T40,PROFESSOR
PROF GRADUADO-A-T20,PROFESSOR
PROF GRADUADO-A-T40,PROFESSOR
PROF GRADUADO-C-T40,PROFESSOR
PROF GRADUADO-D-DE,PROFESSOR
PROF GRADUADO-D-T20,PROFESSOR
PROF GRADUADO-D-T40,PROFESSOR
PROF GRADUADO DE,PROFESSOR
PROF GRADUADO T20,PROFESSOR
PROF GRADUADO T40,PROFESSOR
PROF MESTRE-A-DE,PROFESSOR
PROF MESTRE-A-T20,PROFESSOR
PROF MESTRE-A-T40,PROFESSOR
PROF MESTRE-B-DE,PROFESSOR
PROF MESTRE-B-T20,PROFESSOR
PROF MESTRE-B-T40,PROFESSOR
PROF MESTRE-C-DE,PROFESSOR
PROF MESTRE-C-T20,PROFESSOR
PROF MESTRE-C-T40,PROFESSOR
PROF MESTRE-D-DE,PROFESSOR
PROF MESTRE-D-T20,PROFESSOR
PROF MESTRE-D-T40,PROFESSOR
PROF MESTRE DE,PROFESSOR
PROF MESTRE T20,PROFESSOR
PROF MESTRE T40,PROFESSOR
PROF SUBST (DOUTOR T20),PROFESSOR
PROF SUBST (DOUTOR T40),PROFESSOR
PROF SUBST (ESPECIALISTA),PROFESSOR
PROF SUBST (GRADUADO),PROFESSOR
PROF SUBST (MESTRE T20),PROFESSOR
PROF SUBST (MESTRE T40),PROFESSOR
PROF SUBSTITUTO (ESPECIALISTA),PROFESSOR
PROF SUBSTITUTO (GRADUADO),PROFESSOR
PROF TITULAR,PROFESSOR
PROF TITULAR -T20,PROFESSOR
PROF VISIT T20-DOUTOR,PROFESSOR
PROF VISIT. T40-DOUTOR,PROFESSOR
PROF VISIT. T40R-DOUTOR,PROFESSOR
PROF VISIT. T40R-ESPEC.,PROFESSOR
PROF VISITANTE T-40 (DOUTORADO,PROFESSOR
PROF VISITANTE T40R (DOUTORADO,PROFESSOR
PROF. ADJUNTO,PROFESSOR
PROF. ASSISTENTE,PROFESSOR
PROFESSOR,PROFESSOR
PROFESSOR  SUBSTITUTO MESTRE,PROFESSOR
PROFESSOR  VISITANTE,PROFESSOR
PROFESSOR APOIO,PROFESSOR
PROFESSOR CEDIDO,PROFESSOR
PROFESSOR DE DANCA MODERNA,PROFESSOR
PROFESSOR DE EDUCACAO BASICA 1,PROFESSOR
PROFESSOR DE EDUCACAO BASICA 2,PROFESSOR
PROFESSOR DE EDUCACAO BASICA 3,PROFESSOR
PROFESSOR DE MUSICA,PROFESSOR
PROFESSOR SUBST. (ESPEC T20),PROFESSOR
PROFESSOR SUBST. (GRAD T20),PROFESSOR
PROFESSOR SUBST. DOUTOR T40,PROFESSOR
PROFESSOR SUBST. MESTRE T40,PROFESSOR
PROFESSOR SUBSTITUTO DOUTOR T,PROFESSOR
PROFESSOR SUBSTITUTO ESPECIAL,PROFESSOR
PROFESSOR SUBSTITUTO GRADUADO,PROFESSOR
PROFESSOR SUBSTITUTO MESTRE T,PROFESSOR
PROFESSOR TEMPORARIO,PROFESSOR
PROFESSOR TITULAR,PROFESSOR
PROGRAMADOR,PROGRAMADOR
PROGRAMADOR (ESTATUTARIO),PROGRAMADOR
PROGRAMADOR C6,PROGRAMADOR
PROGRAMADOR D6,PROGRAMADOR
PROGRAMADOR DE SISTEMA,PROGRAMADOR
PROGRAMADOR SIST LOGICO,PROGRAMADOR
PROJETISTA,OUTROS
PROMOTOR DE JUSTICA,PROMOTOR
PROMOTOR DE JUSTICA SUBSTITUTO,PROMOTOR
PROTETICO,OUTROS
PROTOCOLISTA,OUTROS
PSICOLOGO,PSICOLOGO
PSICOLOGO  IV1,PSICOLOGO
PSICOLOGO  IV5,PSICOLOGO
PSICOLOGO C5,PSICOLOGO
PSICOLOGO C6,PSICOLOGO
PSICOLOGO C7,PSICOLOGO
PSICOLOGO D6,PSICOLOGO
PSICOLOGO D7,PSICOLOGO
PSICOLOGO EDUCACIONAL,PSICOLOGO
PSICOLOGO OCUPACIONAL,PSICOLOGO
PSICOLOGO ORGANIZACIONAL,PSICOLOGO
PUBLICITARIO,PUBLICITARIO
QUIMICO,QUIMICO
QUIMICO INDUSTRIAL,QUIMICO
RADIOPERADOR,RADIOPERADOR
REABILITADOR,REABILITADOR
RECEBEDOR DE TAXAS,OUTROS
RECEPCIONISTA,RECEPCIONISTA
RECREADOR,RECREADOR
REDATOR,REDATOR
REDATOR DE ATAS,REDATOR
REDATOR MUSICAL,REDATOR
REGENTE,MUSICO
REGENTE DE ENSINO,PROFESSOR
RELACOES PUBLICAS,OUTROS
REP. FOTOGRAFICO,OUTROS
REPARADOR HIDROMETRO,OUTROS
REPORTER,REPORTER
REPORTER ESPECIAL,REPORTER
REPORTER ESPECIAL 1,REPORTER
REPORTER ESPECIAL 2,REPORTER
REPORTER FOTOGRAFICO,REPORTER
REPRESENTANTE,OUTROS
REQUISITADO,REQUISITADO
RESTAURADOR BENS CULTURAIS,OUTROS
REVISOR,REVISOR
REVISORA,REVISOR
ROTEIRISTA DE INTER. COMERCIA,OUTROS
ROTEIRISTA DE INTER. COMERCIAL,OUTROS
SEC AUXILIAR DA PRESIDENCIA AL,SECRETARIO
SEC CHEFE DA PRESIDENCIA AL-AS,SECRETARIO
SEC EXECUTIVA SUPERINTEN.,SECRETARIO
SEC PART C PROCON LEGISL AL-AS,SECRETARIO
SEC PARTIC CONSULTORIA JURIDIC,SECRETARIO
SEC PARTIC COORD ESC LEGISLATI,SECRETARIO
SEC PARTIC COORD GERAL CERIMON,SECRETARIO
SEC PARTIC DE DEPARTAMENTO AL-,SECRETARIO
SEC PARTIC DE DEPUTADO AL-AS-0,SECRETARIO
SEC PARTIC DE SEC ADJUNTO AL-A,SECRETARIO
SEC PARTIC DE SEC AL-AS-003,SECRETARIO
SEC PARTIC DO COORD CRECHE AL-,SECRETARIO
SEC PARTIC DO DIR ADJUNTO AL-A,SECRETARIO
SEC PARTIC DO DIRETOR GERAL AL,SECRETARIO
SEC PARTIC DO OUVIDOR AL-OG-00,SECRETARIO
SEC PARTICULAR PRESIDENTE,SECRETARIO
SEC. DA PRESIDENCIA,SECRETARIO
SEC. SET. ATENDIMENTO,SECRETARIO
SEC. SET. REC. DE CREDITO,SECRETARIO
SEC.DIRETORIA SETORIAL,SECRETARIO
SECR DIRETORIA,SECRETARIO
SECR.  D. ADMINISTRATIVA,SECRETARIO
SECR. DA DIR. OPERACAO,SECRETARIO
SECR. DA DIR. TECNICA,SECRETARIO
SECR. SUPERINTENDENCIA,SECRETARIO
SECRET ESCOLAR ESCOLA TECNICA,SECRETARIO
SECRET GER/ASSESS/CPI,SECRETARIO
SECRET.DA PRESID.,SECRETARIO
SECRET.DE DIRETORIA,SECRETARIO
SECRET.DO CONSELHO,SECRETARIO
SECRET.ESCOLAR-ESCOLA TECNICA,SECRETARIO
SECRET.VICE-PRESID.,SECRETARIO
SECRETARIA,SECRETARIO
SECRETARIA ADMINISTRATIVA,SECRETARIO
SECRETARIA CONSELHO,SECRETARIO
SECRETARIA COORDENARIA,SECRETARIO
SECRETARIA CPL,SECRETARIO
SECRETARIA DA DIRETORIA TECNI,SECRETARIO
SECRETARIA DA PRESID?NCIA,SECRETARIO
SECRETARIA DA PRESIDÒNCIA,SECRETARIO
SECRETARIA DA PRESIDENCIA,SECRETARIO
SECRETARIA DA PROCURADORIA,SECRETARIO
SECRETARIA DA SEC GERAL,SECRETARIO
SECRETARIA DA SUPERINTENDENCI,SECRETARIO
SECRETARIA DA VICE-PRESIDENCI,SECRETARIO
SECRETARIA DE DIRETORIA,SECRETARIO
SECRETARIA DE DIVISAO,SECRETARIO
SECRETARIA DE GABINETE,SECRETARIO
SECRETARIA DE SETOR NIVEL A,SECRETARIO
SECRETARIA DELEGADO REGIONAL,SECRETARIO
SECRETARIA DEP.,SECRETARIO
SECRETARIA DIR ADM,SECRETARIO
SECRETARIA DIR PRESIDENTE,SECRETARIO
SECRETARIA DIR. OPERACOES,SECRETARIO
SECRETARIA DIRETOR,SECRETARIO
SECRETARIA DIV.,SECRETARIO
SECRETARIA DOS CONSELHOS SUPE,SECRETARIO
SECRETARIA EXACUTIVA DIROP,SECRETARIO
SECRETARIA EXE DA PRESIDENCIA,SECRETARIO
SECRETARIA EXEC DIDEC,SECRETARIO
SECRETARIA EXEC DIRAF,SECRETARIO
SECRETARIA EXECUTIVA,SECRETARIO
SECRETARIA EXECUTIVA DIRETO,SECRETARIO
SECRETARIA EXECUTIVA PRESIDE,SECRETARIO
SECRETARIA GABINETE,SECRETARIO
SECRETARIA PRESIDÊNCIA,SECRETARIO
SECRETARIA PRESIDENTE,SECRETARIO
SECRETARIA PROCURADORIA,SECRETARIO
SECRETARIA SET DA CPL,SECRETARIO
SECRETARIA SET DIDEC,SECRETARIO
SECRETARIA SET DIROP,SECRETARIO
SECRETARIA SET. ADMINISTRATIV,SECRETARIO
SECRETARIA SET. DA PRESIDENCI,SECRETARIO
SECRETARIA SET. DE FINANCAS,SECRETARIO
SECRETARIA SET. DEAI,SECRETARIO
SECRETARIA SETOR,SECRETARIO
SECRETARIA SUPERINTENDENCIA,SECRETARIO
SECRETARIA VICE-PRESIDENCIA,SECRETARIO
SECRETARIA(O),SECRETARIO
SECRETARIO,SECRETARIO
SECRETARIO ADJUNTO,SECRETARIO
SECRETARIO ADJUNTO AL-DS-002,SECRETARIO
SECRETARIO ADMINISTRATIVO,SECRETARIO
SECRETARIO AL-DS-001,SECRETARIO
SECRETARIO DA COPEPE,SECRETARIO
SECRETARIO DA CORREGEDORIA,SECRETARIO
SECRETARIO DA DIRETORIA TECNIC,SECRETARIO
SECRETARIO DA PRESIDENCIA,SECRETARIO
SECRETARIO DE CONSELHO,SECRETARIO
SECRETARIO DE DIVISAO,SECRETARIO
SECRETARIO DE ESTADO,SECRETARIO
SECRETARIO DE GABINETE,SECRETARIO
SECRETARIO ESCOLAR,SECRETARIO
SECRETARIO EXECUTIVO,SECRETARIO
SECRETARIO GERAL,SECRETARIO
SECRETARIO GESTAO ESTRATEGICA,SECRETARIO
SECRETARIO PLANEJAM. FINANCAS,SECRETARIO
SECRETARIO RECURSOS HUMANOS,SECRETARIO
SECRETARIO TEC. CIENC. INFORM.,SECRETARIO
SECRETARIO(A) EXECUTIVO,SECRETARIO
SECRETARIO(A) EXECUTIVO(A),SECRETARIO
SECRETARIO(A) SET. ASSEJUR,SECRETARIO
SEG SARGENTO,MILITAR
SEG TENENTE,MILITAR
SEG VIOLINISTA PROF ORQUESTRA,MUSICO
SERRALHEIRO,OUTROS
SERV OUTRO ORGAO,OUTROS
SERVENTE,OUTROS
SERVENTE (ESTATUTARIO),OUTROS
SERVENTE PORTEIRO,OUTROS
SERVIDOR OUTRO ORGAO,OUTROS
SOCIOLOGO,OUTROS
SOCIOLOGO C5,OUTROS
SOCIOLOGO D7,OUTROS
SOLDADO DA RESERVA,MILITAR
SOLDADO ENGAJADO,MILITAR
SOLDADO RECRUTA,MILITAR
SOLDADO VOLUNTARIO BOMBEIRO,MILITAR
SOLDADO VOLUNTARIO PM,MILITAR
SOLDADOR,MILITAR
SOLDADOR  IV7,MILITAR
SPALLA,MUSICO
SS IMP.REL PUBLICAS,OUTROS
SS JURIDICO I AL-AS-003,OUTROS
SUB-CHEFE DIVISAO DE LOCUCAO,OUTROS
SUB-COOR DE CONTROLE INTERNO,SUB-COORDENADOR
SUB-COOR DE FISC E CLASSIFICAC,SUB-COORDENADOR
SUB-COOR DE INFORMATICA,SUB-COORDENADOR
SUB-COOR DE MARKETING,SUB-COORDENADOR
SUB-COOR DE PROG CONVENIADOS,SUB-COORDENADOR
SUB-COOR DE R HUMANOS,SUB-COORDENADOR
SUB-COOR DESENV E  CAPACITACAO,SUB-COORDENADOR
SUB-COOR DIVULGACAO,SUB-COORDENADOR
SUB-COOR ESTATISTICA,SUB-COORDENADOR
SUB-COOR INFRA ESTRUTURA,SUB-COORDENADOR
SUB-COOR PROM E EVENTOS,SUB-COORDENADOR
SUB-COOR TEC OPERACIONAL,SUB-COORDENADOR
SUB-COORD. AQUIVO E DOCUMEN.,SUB-COORDENADOR
SUB-COORD. CONTROLE INTERNO,SUB-COORDENADOR
SUB-COORD. DE FINANCAS,SUB-COORDENADOR
SUB-COORD. DE INVESTIMENTO,SUB-COORDENADOR
SUB-COORD. DESENV E CAPACIT.,SUB-COORDENADOR
SUB-COORD. DIVULGACAO,SUB-COORDENADOR
SUB-COORD. ESTATISTICA,SUB-COORDENADOR
SUB-COORD. FINANCAS,SUB-COORDENADOR
SUB-COORD. FISC.E CLASSIFIC.,SUB-COORDENADOR
SUB-COORD. INFORMATICA,SUB-COORDENADOR
SUB-COORD. INFRA ESTRUTURA,SUB-COORDENADOR
SUB-COORD. INVESTIMENTO,SUB-COORDENADOR
SUB-COORD. MARKETING,SUB-COORDENADOR
SUB-COORD. ORC CONTABIL,SUB-COORDENADOR
SUB-COORD. PAT.MAT. SERV.GER.,SUB-COORDENADOR
SUB-COORD. PROG CONVENIADOS,SUB-COORDENADOR
SUB-COORD. PROM E EVENTOS,SUB-COORDENADOR
SUB-COORD. PROMOCAO E EVENTOS,SUB-COORDENADOR
SUB-COORD. R HUMANOS,SUB-COORDENADOR
SUB-COORD. TEC OPERACIONAL,SUB-COORDENADOR
SUB-COORD.DE AQUIVO E DOCUMEN.,SUB-COORDENADOR
SUB-COORD.PAT.MAT. SERV.GERAIS,SUB-COORDENADOR
SUB-GERENTE,SUB-GERENTE
SUB-SECRETARIO,SUB-SECRETARIO
SUB-SECRETARIO EXECUTIVO,SUB-SECRETARIO
SUB-TENENTE DA RESERVA,MILITAR
SUB COORD DE ORC CONTABIL,SUB-COORDENADOR
SUB EDITOR,OUTROS
SUB GERENTE,SUB-GERENTE
SUB GERENTE DE ADM FINANCEIRO,SUB-GERENTE
SUB GERENTE DE PLANJAMENTO E,SUB-GERENTE
SUB GERENTE DE RH E PATRIMONI,SUB-GERENTE
SUB GERENTE DE TEC E INFORMAC,SUB-GERENTE
SUB GERENTE DE VISTORIA,SUB-GERENTE
SUB GERENTE REGIONAL,SUB-GERENTE
SUB TENENTE,MILITAR
SUBCOORD DA CRECHE AL-DG-003,SUB-COORDENADOR
SUBGERENTE,SUB-GERENTE
SUBGERENTE  I,SUB-GERENTE
SUBGERENTE (AREA ADMINISTR.),SUB-GERENTE
SUBGERENTE (AREA ADMINISTRAT),SUB-GERENTE
SUBGERENTE DE RECURSOS HUMANOS,SUB-GERENTE
SUBGERENTE DE SERVICOS GERAIS,SUB-GERENTE
SUBGERENTE DO SINDEC,SUB-GERENTE
SUBGERENTE II,SUB-GERENTE
SUBGERENTE RECUR. HUMANOS,SUB-GERENTE
SUBGERENTE REGIONAL,SUB-GERENTE
SUBGERENTE SERVICOS GERAIS,SUB-GERENTE
SUBGERENTE(AREA ADMINISTRATIVA,SUB-GERENTE
SUBSECRETARIO,SUB-SECRETARIO
SUPERINTENDENTE,SUPERITENDENTE
SUPERINTENDENTE ADJUNTO,SUPERITENDENTE
SUPERINTENDENTE EXECUTIVO,SUPERITENDENTE
SUPERV DE COMERCIAL,SUPERVISOR
SUPERV DE COMERCIAL  IV7,SUPERVISOR
SUPERVISOR,SUPERVISOR
SUPERVISOR DE C ARTESANAIS,SUPERVISOR
SUPERVISOR DE C/ ARTESANAIS,SUPERVISOR
SUPERVISOR DE ENSINO,SUPERVISOR
SUPERVISOR DE EXECUCAO,SUPERVISOR
SUPERVISOR DE OPERA??ES PORTU?,SUPERVISOR
SUPERVISOR DE OPERAÇÕES PORTU,SUPERVISOR
SUPERVISOR DE OPERACOES PORTUA,SUPERVISOR
SUPERVISOR EDUCACIONAL,SUPERVISOR
SUPERVISOR ESPECIAL-FATURAM.,SUPERVISOR
SUPERVISOR ESPECIAL-FATURAME.,SUPERVISOR
SUPERVISOR ESPECIAL-INFORMAT.,SUPERVISOR
SUPERVISOR ESPECIAL-LICITAÇÕES,SUPERVISOR
SUPERVISOR ESPECIAL-MEIO AMB.,SUPERVISOR
SUPERVISOR ESPECIAL - ARQUIVO,SUPERVISOR
SUPERVISOR ESPECIAL - FATUR.,SUPERVISOR
SUPERVISOR ESPECIAL - FATURAME,SUPERVISOR
SUPERVISOR ESPECIAL - LICITA??,SUPERVISOR
SUPERVISOR ESPECIAL - LICITACA,SUPERVISOR
SUPERVISOR ESPECIAL - MEIO AMB,SUPERVISOR
T?CNICO DE SEGURAN?A DO TRABAL,TECNICO
TABELIAO 3. ENTRANCIA,OUTROS
TABELIAO SUBSTITUTO,OUTROS
TABELIAO TERC ENTRANCIA,OUTROS
TABULADOR DE DADOS,OUTROS
TAQUIGRAFO,OUTROS
TEC AUX REG MERCANTIL C5,TECNICO
TEC AUX REG MERCANTIL C7,TECNICO
TEC CONTABILIDADE,TECNICO
TEC DE CONTABILIDADE C7,TECNICO
TEC DE GESTAO ORGANIZACIONAL,TECNICO
TEC DE N.SUPERIOR,TECNICO
TEC DE NIVEL SUPERIOR,TECNICO
TEC DE PLAN E DESENV RURAL,TECNICO
TEC EM COOPERATIVISMO,TECNICO
TEC ENFERMAGEM,TECNICO
TEC LABORATORIO,TECNICO
TEC MANUTENCAO,TECNICO
TEC MINIST DELIG APOIO ADMINIS,TECNICO
TEC NIVEL MED TEMPORARIO,TECNICO
TEC NIVEL MEDIO CONTABILI,TECNICO
TEC NIVEL SUP TEMPORARIO,TECNICO
TEC POL PUBLICAS E GESTAO GOV,TECNICO
TEC RAIOS X,TECNICO
TEC. DE GESTAO ORGANIZACIONAL,TECNICO
TEC. DE PLAN E DESENV RURAL,TECNICO
TEC. ELETRO-ELETRONICO,TECNICO
TEC. NIV. MED. CONTABIL  IX7,TECNICO
TEC. NIVEL SUPERIOR,TECNICO
TEC.ADM.E FINANCAS,TECNICO
TEC.ASSUNTOS JURIDICOS,TECNICO
TEC.CONTABILIDADE,TECNICO
TEC.DE NIV.MEDIO ESTRADA  IX7,TECNICO
TEC.DE.ORGANIZACIONAL,TECNICO
TEC.EM BIBLIOTECONOMIA,TECNICO
TEC.EM COMUNICACAO,TECNICO
TEC.EM INFORMATICA,TECNICO
TEC.EM PLANEJAMENTO,TECNICO
TEC.MINIST.DELIG.APOIO ADMINIS,TECNICO
TEC.NIVEL.MED.TEMPORARIO,TECNICO
TEC.NIVEL.SUP.TEMPORARIO,TECNICO
TEC.PLANEJ./ENG.AGRONOMO,TECNICO
TEC.POL.PUBLICAS E GESTAO GOV.,TECNICO
TEC.REC.HUM-ENG AGR.,TECNICO
TEC.RECURSOS HUMANOS,TECNICO
TECN DE ADM/FINANCAS B5,TECNICO
TECN DE ADM/FINANCAS B6,TECNICO
TECN DE CONTABILIDADE,TECNICO
TECN DE PROTESE DENTARIA,TECNICO
TECN DE RADIOLOGIA,TECNICO
TECN DE SEGURANCA DO TRABALHO,TECNICO
TECN EM AGROPECUARIA,TECNICO
TECN EM ESTUDIO E MULTIMIDIA,TECNICO
TECN EM INFORMATICA,TECNICO
TECN EM LABORATORIO,TECNICO
TECN GERENCIAMENTO COSTEIRO,TECNICO
TECN PROJETO HIST CULTURAL,TECNICO
TECNICO,TECNICO
TECNICO ADM.,TECNICO
TECNICO ADM/FINANCAS,TECNICO
TECNICO ADMINISTRATIVO,TECNICO
TECNICO AGRICOLA,TECNICO
TECNICO AGRICOLA VI7,TECNICO
TECNICO AGROPECUARIA,TECNICO
TECNICO ASSUNTOS JURIDICOS,TECNICO
TECNICO AUX REG MERCANTIL,TECNICO
TECNICO AUXILIAR,TECNICO
TECNICO BIBLIOTECONOMIA,TECNICO
TECNICO CATEGORIA ESPECIAL,TECNICO
TECNICO COMUNICACAO,TECNICO
TECNICO COMUNICACAO SOCIAL,TECNICO
TECNICO CONTABILIDADE,TECNICO
TECNICO CONTABILIDADE VI4,TECNICO
TECNICO CONTABILIDADE VI7,TECNICO
TECNICO COOPERATIVISMO,TECNICO
TECNICO DE CONTABILIDADE,TECNICO
TECNICO DE EDUCACAO,TECNICO
TECNICO DE EMFERMAGEM,TECNICO
TECNICO DE ENFERMAGEM,TECNICO
TECNICO DE EXTERNAS,TECNICO
TECNICO DE INFORMATICA,TECNICO
TECNICO DE LABORATORIO,TECNICO
TECNICO DE MANUTENCAO,TECNICO
TECNICO DE N.MEDIO,TECNICO
TECNICO DE NIVEL MEDIO,TECNICO
TECNICO DE NIVEL MEDIO (ESTATU,TECNICO
TECNICO DE NIVEL SUPERIOR,TECNICO
TECNICO DE NIVEL SUPERIOR (EST,TECNICO
TECNICO DE NIVEL SUPERIOR I,TECNICO
TECNICO DE NIVEL SUPERIOR II,TECNICO
TECNICO DE NIVEL SUPERIOR III,TECNICO
TECNICO DE PROMOTORIA,TECNICO
TECNICO DE PROTESE DENTARIA,TECNICO
TECNICO DE RADIOLOGIA,TECNICO
TECNICO DE RECURSOS HIDRICOS C,TECNICO
TECNICO DE SEGURANCA DO TRABA,TECNICO
TECNICO DE SEGURANCA DO TRABAL,TECNICO
TECNICO EDIFICACOES,TECNICO
TECNICO EDUCACAO,TECNICO
TECNICO ELETRO-ELETRONICO,TECNICO
TECNICO EM AGROPECUARIA,TECNICO
TECNICO EM ARTES,TECNICO
TECNICO EM CONTABILIDADE,TECNICO
TECNICO EM DEFESA AGROPECUARIA,TECNICO
TECNICO EM EDIFICACOES,TECNICO
TECNICO EM EDUCACAO,TECNICO
TECNICO EM ENFERMAGEM,TECNICO
TECNICO EM ESTUDIO E MULTIMID,TECNICO
TECNICO EM FOTOMECANICA,TECNICO
TECNICO EM GEOPROCESSAMENTO,TECNICO
TECNICO EM INFORMATICA,TECNICO
TECNICO EM INFORMATICA NEFETI,TECNICO
TECNICO EM LABORATORIO,TECNICO
TECNICO EM MANUTENCAO,TECNICO
TECNICO EM MECANICA,TECNICO
TECNICO EM MICROFILMAGEM,TECNICO
TECNICO EM PERICIA,TECNICO
TECNICO EM SANEAMENTO,TECNICO
TECNICO ENFERMAGEM,TECNICO
TECNICO EQUIPAMENTO GRAFICO,TECNICO
TECNICO ESTUDIO E MULTIMIDIA,TECNICO
TECNICO EXTERNAS,TECNICO
TECNICO GEOLOGIA,TECNICO
TECNICO GEOPROCESSAMENTO,TECNICO
TECNICO GESTAO ORGANIZACIONAL,TECNICO
TECNICO INFO. SENIOR,TECNICO
TECNICO INFO. SENIOR3,TECNICO
TECNICO INFO. SENIOR4,TECNICO
TECNICO INFO. SENIOR7,TECNICO
TECNICO INFORMATICA,TECNICO
TECNICO JUDICIARIO,TECNICO
TECNICO JUDICIARIO-EXE MANDADO,TECNICO
TECNICO JUDICIARIO 2 ENTRANCIA,TECNICO
TECNICO JUDICIARIO 3 ENTRANCIA,TECNICO
TECNICO JUDICIARIO ADJUNTO,TECNICO
TECNICO JUDICIARIO AUXILIAR,TECNICO
TECNICO LABORATORIO,TECNICO
TECNICO MANUTENCAO,TECNICO
TECNICO MECANICA,TECNICO
TECNICO MIN. E GEOLOGIA,TECNICO
TECNICO MINISTERIAL,TECNICO
TECNICO NIV.MEDIO ESTRADA,TECNICO
TECNICO NIVEL MEDIO,TECNICO
TECNICO NIVEL SUPERIOR,TECNICO
TECNICO NIVEL SUPERIOR III2,TECNICO
TECNICO NIVEL SUPERIOR III5,TECNICO
TECNICO NIVEL SUPERIOR IV1,TECNICO
TECNICO NIVEL SUPERIOR IV4,TECNICO
TECNICO NIVEL SUPERIOR IV5,TECNICO
TECNICO OBRAS CIVIS,TECNICO
TECNICO OPERACIONAL,TECNICO
TECNICO ORGANIZACIONAL,TECNICO
TECNICO PENITENCIARIO,TECNICO
TECNICO PESQUISA PRODUCAO,TECNICO
TECNICO PLAN E DESENV RURAL,TECNICO
TECNICO PLANEJ./ENG.AGRONOMO,TECNICO
TECNICO PLANEJAMENTO,TECNICO
TECNICO PROTESE DENTARIA,TECNICO
TECNICO RADIOLOGIA,TECNICO
TECNICO REC.HUM-ENG AGR.,TECNICO
TECNICO RECURSOS HIDRICOS,TECNICO
TECNICO RECURSOS HUMANOS,TECNICO
TECNICO REGISTRO MERCANTIL,TECNICO
TECNICO SANEAMENTO,TECNICO
TECNICO SEGUR TRABALHO,TECNICO
TECNICO SEGURANCA DO TRABALHO,TECNICO
TECNICO SOCIAL/PEDAGOGA,TECNICO
TECNICO SOCIAL/PEDAGOGIA,TECNICO
TECNICO SOCIAL/PEDAGOGIA (ESTA,TECNICO
TECNICO SOCIAL/PSICOLOGIA,TECNICO
TECNICO SOCIAL/SERVICO SOCIAL,TECNICO
TECNOLOGO EM COOPERATIVISMO,TECNICO
TECNOLOGO EM GEOPROCESSAMENTO,TECNICO
TECNOLOGO GEOPROCESSAMENTO,TECNICO
TELEFONISTA,TELEFONISTA
TELEFONISTA - B4,TELEFONISTA
TELEFONISTA - C7,TELEFONISTA
TELEFONISTA - D7,TELEFONISTA
TELEFONISTA  II6,TELEFONISTA
TELEFONISTA  II7,TELEFONISTA
TELEFONISTA II3,TELEFONISTA
TELEFONISTA II7,TELEFONISTA
TELEPTISTA,OUTROS
TENENTE CORONEL,MUSICO
TERAPEUTA OCUPACIONAL,OUTROS
TERC SARGENTO,MUSICO
TESOUREIRO,OUTROS
TOPOGRAFO,OUTROS
TOPOGRAFO  IX6,OUTROS
TOPOGRAFO  IX7,OUTROS
TORNEIRO MECANICO,OUTROS
TORNEIRO MECANICO  IV7,OUTROS
TORNEIRO MECANICO II VI7,OUTROS
TRABALHADOR PORTUARIO,OUTROS
TRATORISTA,OUTROS
TRATORISTA  VI3,OUTROS
TROMBONISTA PROF DE ORQUESTRA,MUSICO
TROMBONISTA SUBSTITUTO,MUSICO
TROMPETISTA PROF ORQUESTRA,MUSICO
TROMPETISTA SUBSTITUTO,MUSICO
TROMPISTA PROF ORQUESTRA,MUSICO
TUBISTA PROF ORQUESTRA,MUSICO
TUBISTA SUBSTITUTO,MUSICO
VENDEDOR,VENDEDOR
VENDEDOR CAIXA,VENDEDOR
VENDEDOR CAIXA I3,VENDEDOR
VENDEDOR CAIXA I5,VENDEDOR
VENDEDOR CAIXA I7,VENDEDOR
VENDEDOR CAIXA VI7,VENDEDOR
VETERINARIO,VETERINARIO
VETERINARIO II2,VETERINARIO
VICE-DELEGADO REGIONAL,VICE DELEGADO
VICE-PRESIDENTE,VICE PRESIDENTE
VICE DIR CASA DE PERMANEN,VICE DIRETOR
VICE DIR.,VICE DIRETOR
VICE DIRETOR ESCOLA TECNCIA,VICE DIRETOR
VICE DIRETOR ESCOLAR,VICE DIRETOR
VICE DIRETORA,VICE DIRETOR
VICE GOVERNADOR,VICE GOVERNADOR
VICE PRESIDENTE,VICE PRESIDENTE
VIGIA,VIGILANTE
VIGIA - C6,VIGILANTE
VIGIA - C7,VIGILANTE
VIGIA - D6,VIGILANTE
VIGIA - D7,VIGILANTE
VIGILANTE,VIGILANTE
VIGILANTE (ESTATUTARIO),VIGILANTE
VIGILANTE C5,VIGILANTE
VIGILANTE I  II3,VIGILANTE
VIGILANTE I  II4,VIGILANTE
VIGILANTE I II7,VIGILANTE
VIGILANTE II  IV7,VIGILANTE
VIGILANTE NEFETIVO,VIGILANTE
VIGILANTE PENITENCIARIO,VIGILANTE
VIOLISTA PROF ORQUESTRA,MUSICO
VIOLONCELISTA PROF ORQUESTRA,MUSICO
VIOLONCELISTA SUBSTITUTO,MUSICO
VISITADOR SANITARIO,FISCAL
VISITADOR SOCIAL,FISCAL
VOGAL,OUTROS
ZELADOR,OUTROS
ZOOTECNISTA,TECNICO
